time,user,filtered_emg,gesture
0.0,1,-1,Hand is at Rest
0.1,1,-1,Hand is at Rest
0.2,1,-1,Hand is at Rest
0.301,1,-1,Hand is at Rest
0.401,1,8,Hand is at Rest
0.501,1,12,Hand is at Rest
0.602,1,16,Hand is at Rest
0.702,1,18,Hand is at Rest
0.802,1,24,Hand is at Rest
0.903,1,39,Hand is at Rest
1.003,1,41,Hand is Moving
1.103,1,40,Hand is at Rest
1.205,1,54,Hand is Moving
1.305,1,60,Hand is Moving
1.405,1,60,Hand is Moving
1.506,1,61,Hand is Moving
1.606,1,60,Hand is Moving
1.707,1,68,Hand is Moving
1.807,1,65,Hand is Moving
1.907,1,52,Hand is Moving
2.009,1,60,Hand is Moving
2.109,1,69,Hand is Moving
2.209,1,71,Hand is Moving
2.31,1,82,Hand is Moving
2.41,1,95,Hand is Moving
2.51,1,98,Hand is Moving
2.611,1,101,Hand is Moving
2.711,1,93,Hand is Moving
2.811,1,93,Hand is Moving
2.913,1,95,Hand is Moving
3.013,1,91,Hand is Moving
3.113,1,80,Hand is Moving
3.214,1,63,Hand is Moving
3.314,1,46,Hand is Moving
3.415,1,30,Hand is at Rest
3.515,1,24,Hand is at Rest
3.615,1,18,Hand is at Rest
3.717,1,18,Hand is at Rest
3.817,1,20,Hand is at Rest
3.917,1,22,Hand is at Rest
4.018,1,26,Hand is at Rest
4.118,1,38,Hand is at Rest
4.218,1,44,Hand is Moving
4.319,1,51,Hand is Moving
4.419,1,52,Hand is Moving
4.52,1,60,Hand is Moving
4.621,1,60,Hand is Moving
4.721,1,64,Hand is Moving
4.822,1,60,Hand is Moving
4.922,1,58,Hand is Moving
5.022,1,49,Hand is Moving
5.123,1,45,Hand is Moving
5.223,1,46,Hand is Moving
5.323,1,46,Hand is Moving
5.425,1,52,Hand is Moving
5.525,1,53,Hand is Moving
5.625,1,66,Hand is Moving
5.726,1,76,Hand is Moving
5.826,1,83,Hand is Moving
5.926,1,86,Hand is Moving
6.027,1,86,Hand is Moving
6.127,1,77,Hand is Moving
6.228,1,74,Hand is Moving
6.329,1,70,Hand is Moving
6.429,1,64,Hand is Moving
6.53,1,54,Hand is Moving
6.63,1,41,Hand is Moving
6.73,1,28,Hand is at Rest
6.831,1,20,Hand is at Rest
6.931,1,14,Hand is at Rest
7.032,1,13,Hand is at Rest
7.133,1,13,Hand is at Rest
7.233,1,10,Hand is at Rest
7.333,1,7,Hand is at Rest
7.434,1,9,Hand is at Rest
7.534,1,10,Hand is at Rest
7.634,1,15,Hand is at Rest
7.735,1,21,Hand is at Rest
7.835,1,22,Hand is at Rest
7.937,1,31,Hand is at Rest
8.037,1,38,Hand is at Rest
8.137,1,46,Hand is Moving
8.238,1,51,Hand is Moving
8.338,1,62,Hand is Moving
8.438,1,59,Hand is Moving
8.539,1,67,Hand is Moving
8.639,1,64,Hand is Moving
8.74,1,63,Hand is Moving
8.841,1,64,Hand is Moving
8.941,1,60,Hand is Moving
9.041,1,64,Hand is Moving
9.142,1,57,Hand is Moving
9.242,1,63,Hand is Moving
9.342,1,69,Hand is Moving
9.443,1,83,Hand is Moving
9.544,1,86,Hand is Moving
9.645,1,93,Hand is Moving
9.745,1,92,Hand is Moving
9.845,1,93,Hand is Moving
9.946,1,89,Hand is Moving
10.046,1,78,Hand is Moving
10.146,1,78,Hand is Moving
10.247,1,68,Hand is Moving
10.348,1,54,Hand is Moving
10.448,1,38,Hand is at Rest
10.549,1,26,Hand is at Rest
10.649,1,17,Hand is at Rest
10.749,1,13,Hand is at Rest
10.85,1,10,Hand is at Rest
10.951,1,9,Hand is at Rest
11.052,1,8,Hand is at Rest
11.152,1,8,Hand is at Rest
11.252,1,7,Hand is at Rest
11.353,1,5,Hand is at Rest
11.453,1,5,Hand is at Rest
11.554,1,5,Hand is at Rest
11.655,1,5,Hand is at Rest
11.755,1,6,Hand is at Rest
11.855,1,5,Hand is at Rest
11.956,1,6,Hand is at Rest
12.056,1,7,Hand is at Rest
12.156,1,7,Hand is at Rest
12.258,1,8,Hand is at Rest
12.358,1,9,Hand is at Rest
12.459,1,11,Hand is at Rest
12.559,1,13,Hand is at Rest
12.659,1,14,Hand is at Rest
12.76,1,15,Hand is at Rest
12.861,1,20,Hand is at Rest
12.961,1,28,Hand is at Rest
13.062,1,28,Hand is at Rest
13.162,1,36,Hand is at Rest
13.262,1,35,Hand is at Rest
13.363,1,39,Hand is at Rest
13.464,1,41,Hand is Moving
13.564,1,47,Hand is Moving
13.665,1,48,Hand is Moving
13.765,1,48,Hand is Moving
13.865,1,53,Hand is Moving
13.966,1,52,Hand is Moving
14.067,1,55,Hand is Moving
14.168,1,56,Hand is Moving
14.268,1,65,Hand is Moving
14.368,1,65,Hand is Moving
14.469,1,74,Hand is Moving
14.569,1,79,Hand is Moving
14.67,1,89,Hand is Moving
14.771,1,95,Hand is Moving
14.871,1,94,Hand is Moving
14.971,1,91,Hand is Moving
15.072,1,90,Hand is Moving
15.172,1,87,Hand is Moving
15.272,1,82,Hand is Moving
15.374,1,81,Hand is Moving
15.474,1,69,Hand is Moving
15.575,1,55,Hand is Moving
15.675,1,43,Hand is Moving
15.775,1,35,Hand is at Rest
15.876,1,28,Hand is at Rest
15.977,1,22,Hand is at Rest
16.077,1,19,Hand is at Rest
16.178,1,14,Hand is at Rest
16.278,1,10,Hand is at Rest
16.378,1,6,Hand is at Rest
16.479,1,5,Hand is at Rest
16.58,1,15,Hand is at Rest
16.68,1,15,Hand is at Rest
16.781,1,23,Hand is at Rest
16.881,1,27,Hand is at Rest
16.982,1,37,Hand is at Rest
17.082,1,48,Hand is Moving
17.183,1,55,Hand is Moving
17.284,1,60,Hand is Moving
17.384,1,66,Hand is Moving
17.484,1,66,Hand is Moving
17.585,1,62,Hand is Moving
17.685,1,66,Hand is Moving
17.786,1,60,Hand is Moving
17.887,1,65,Hand is Moving
17.987,1,57,Hand is Moving
18.087,1,53,Hand is Moving
18.188,1,54,Hand is Moving
18.288,1,50,Hand is Moving
18.388,1,55,Hand is Moving
18.49,1,68,Hand is Moving
18.59,1,75,Hand is Moving
18.691,1,86,Hand is Moving
18.791,1,94,Hand is Moving
18.891,1,93,Hand is Moving
18.992,1,94,Hand is Moving
19.093,1,91,Hand is Moving
19.193,1,84,Hand is Moving
19.294,1,85,Hand is Moving
19.394,1,77,Hand is Moving
19.494,1,66,Hand is Moving
19.595,1,54,Hand is Moving
19.696,1,40,Hand is at Rest
19.796,1,28,Hand is at Rest
19.897,1,20,Hand is at Rest
19.997,1,17,Hand is at Rest
20.098,1,13,Hand is at Rest
20.198,1,11,Hand is at Rest
20.299,1,10,Hand is at Rest
20.4,1,9,Hand is at Rest
20.5,1,7,Hand is at Rest
20.6,1,6,Hand is at Rest
20.701,1,6,Hand is at Rest
20.801,1,8,Hand is at Rest
20.902,1,12,Hand is at Rest
21.003,1,15,Hand is at Rest
21.103,1,15,Hand is at Rest
21.203,1,22,Hand is at Rest
21.304,1,34,Hand is at Rest
21.404,1,40,Hand is at Rest
21.505,1,57,Hand is Moving
21.606,1,66,Hand is Moving
21.706,1,80,Hand is Moving
21.807,1,78,Hand is Moving
21.907,1,81,Hand is Moving
22.007,1,80,Hand is Moving
22.108,1,82,Hand is Moving
22.209,1,82,Hand is Moving
22.309,1,84,Hand is Moving
22.41,1,86,Hand is Moving
22.51,1,83,Hand is Moving
22.61,1,89,Hand is Moving
22.711,1,89,Hand is Moving
22.812,1,99,Hand is Moving
22.913,1,95,Hand is Moving
23.013,1,93,Hand is Moving
23.113,1,91,Hand is Moving
23.214,1,85,Hand is Moving
23.314,1,73,Hand is Moving
23.415,1,66,Hand is Moving
23.516,1,53,Hand is Moving
23.616,1,38,Hand is at Rest
23.716,1,24,Hand is at Rest
23.817,1,15,Hand is at Rest
23.917,1,12,Hand is at Rest
24.018,1,13,Hand is at Rest
24.119,1,16,Hand is at Rest
24.219,1,17,Hand is at Rest
24.32,1,18,Hand is at Rest
24.42,1,21,Hand is at Rest
24.52,1,25,Hand is at Rest
24.622,1,33,Hand is at Rest
24.722,1,41,Hand is Moving
24.822,1,40,Hand is at Rest
24.923,1,46,Hand is Moving
25.023,1,61,Hand is Moving
25.123,1,71,Hand is Moving
25.224,1,73,Hand is Moving
25.325,1,82,Hand is Moving
25.425,1,85,Hand is Moving
25.526,1,96,Hand is Moving
25.626,1,97,Hand is Moving
25.726,1,94,Hand is Moving
25.827,1,105,Hand is Moving
25.928,1,99,Hand is Moving
26.029,1,100,Hand is Moving
26.129,1,109,Hand is Moving
26.229,1,127,Hand is Moving
26.33,1,135,Hand is Moving
26.43,1,142,Hand is Moving
26.531,1,136,Hand is Moving
26.632,1,139,Hand is Moving
26.732,1,135,Hand is Moving
26.832,1,125,Hand is Moving
26.933,1,124,Hand is Moving
27.033,1,108,Hand is Moving
27.134,1,86,Hand is Moving
27.235,1,63,Hand is Moving
27.335,1,45,Hand is Moving
27.436,1,31,Hand is at Rest
27.536,1,21,Hand is at Rest
27.636,1,11,Hand is at Rest
27.738,1,17,Hand is at Rest
27.838,1,27,Hand is at Rest
27.938,1,34,Hand is at Rest
28.039,1,41,Hand is Moving
28.139,1,52,Hand is Moving
28.239,1,56,Hand is Moving
28.34,1,56,Hand is Moving
28.441,1,63,Hand is Moving
28.541,1,68,Hand is Moving
28.642,1,74,Hand is Moving
28.742,1,70,Hand is Moving
28.843,1,63,Hand is Moving
28.943,1,61,Hand is Moving
29.044,1,57,Hand is Moving
29.145,1,55,Hand is Moving
29.245,1,65,Hand is Moving
29.345,1,78,Hand is Moving
29.446,1,85,Hand is Moving
29.546,1,91,Hand is Moving
29.647,1,90,Hand is Moving
29.748,1,94,Hand is Moving
29.848,1,91,Hand is Moving
29.948,1,89,Hand is Moving
30.049,1,91,Hand is Moving
30.149,1,84,Hand is Moving
30.251,1,70,Hand is Moving
30.351,1,55,Hand is Moving
30.451,1,43,Hand is Moving
30.552,1,33,Hand is at Rest
30.652,1,26,Hand is at Rest
30.752,1,22,Hand is at Rest
30.854,1,19,Hand is at Rest
30.954,1,15,Hand is at Rest
31.054,1,14,Hand is at Rest
31.155,1,27,Hand is at Rest
31.255,1,40,Hand is at Rest
31.355,1,50,Hand is Moving
31.457,1,61,Hand is Moving
31.557,1,62,Hand is Moving
31.657,1,65,Hand is Moving
31.758,1,71,Hand is Moving
31.858,1,83,Hand is Moving
31.959,1,94,Hand is Moving
32.06,1,91,Hand is Moving
32.16,1,76,Hand is Moving
32.261,1,66,Hand is Moving
32.361,1,61,Hand is Moving
32.461,1,54,Hand is Moving
32.562,1,63,Hand is Moving
32.662,1,72,Hand is Moving
32.763,1,76,Hand is Moving
32.864,1,75,Hand is Moving
32.964,1,70,Hand is Moving
33.064,1,69,Hand is Moving
33.165,1,70,Hand is Moving
33.265,1,71,Hand is Moving
33.367,1,69,Hand is Moving
33.467,1,64,Hand is Moving
33.567,1,53,Hand is Moving
33.668,1,42,Hand is Moving
33.768,1,33,Hand is at Rest
33.868,1,23,Hand is at Rest
33.97,1,18,Hand is at Rest
34.07,1,18,Hand is at Rest
34.17,1,16,Hand is at Rest
34.271,1,12,Hand is at Rest
34.371,1,10,Hand is at Rest
34.471,1,9,Hand is at Rest
34.573,1,9,Hand is at Rest
34.673,1,7,Hand is at Rest
34.774,1,7,Hand is at Rest
34.874,1,6,Hand is at Rest
34.974,1,15,Hand is at Rest
35.075,1,26,Hand is at Rest
35.175,1,37,Hand is at Rest
35.276,1,50,Hand is Moving
35.377,1,64,Hand is Moving
35.477,1,67,Hand is Moving
35.577,1,68,Hand is Moving
35.678,1,78,Hand is Moving
35.778,1,81,Hand is Moving
35.879,1,87,Hand is Moving
35.98,1,84,Hand is Moving
36.08,1,87,Hand is Moving
36.18,1,76,Hand is Moving
36.281,1,76,Hand is Moving
36.381,1,80,Hand is Moving
36.483,1,97,Hand is Moving
36.583,1,116,Hand is Moving
36.683,1,126,Hand is Moving
36.784,1,137,Hand is Moving
36.884,1,136,Hand is Moving
36.984,1,130,Hand is Moving
37.086,1,121,Hand is Moving
37.186,1,123,Hand is Moving
37.286,1,112,Hand is Moving
37.387,1,93,Hand is Moving
37.487,1,73,Hand is Moving
37.587,1,53,Hand is Moving
37.689,1,37,Hand is at Rest
37.789,1,25,Hand is at Rest
37.89,1,21,Hand is at Rest
37.99,1,22,Hand is at Rest
38.09,1,18,Hand is at Rest
38.191,1,16,Hand is at Rest
38.292,1,17,Hand is at Rest
38.392,1,20,Hand is at Rest
38.493,1,21,Hand is at Rest
38.593,1,26,Hand is at Rest
38.693,1,28,Hand is at Rest
38.794,1,34,Hand is at Rest
38.895,1,33,Hand is at Rest
38.995,1,36,Hand is at Rest
39.096,1,36,Hand is at Rest
39.196,1,39,Hand is at Rest
39.297,1,43,Hand is Moving
39.397,1,41,Hand is Moving
39.497,1,46,Hand is Moving
39.599,1,39,Hand is at Rest
39.699,1,40,Hand is at Rest
39.799,1,36,Hand is at Rest
39.9,1,44,Hand is Moving
40.0,1,50,Hand is Moving
40.1,1,57,Hand is Moving
40.202,1,60,Hand is Moving
40.302,1,60,Hand is Moving
40.402,1,64,Hand is Moving
40.503,1,59,Hand is Moving
40.603,1,59,Hand is Moving
40.704,1,59,Hand is Moving
40.805,1,60,Hand is Moving
40.905,1,53,Hand is Moving
41.006,1,43,Hand is Moving
41.106,1,37,Hand is at Rest
41.206,1,32,Hand is at Rest
41.307,1,32,Hand is at Rest
41.408,1,29,Hand is at Rest
41.508,1,31,Hand is at Rest
41.609,1,32,Hand is at Rest
41.709,1,31,Hand is at Rest
41.809,1,47,Hand is Moving
41.91,1,57,Hand is Moving
42.011,1,67,Hand is Moving
42.112,1,68,Hand is Moving
42.212,1,70,Hand is Moving
42.312,1,69,Hand is Moving
42.413,1,71,Hand is Moving
42.513,1,84,Hand is Moving
42.614,1,87,Hand is Moving
42.715,1,94,Hand is Moving
42.815,1,79,Hand is Moving
42.915,1,71,Hand is Moving
43.016,1,62,Hand is Moving
43.116,1,61,Hand is Moving
43.216,1,65,Hand is Moving
43.318,1,70,Hand is Moving
43.418,1,76,Hand is Moving
43.518,1,68,Hand is Moving
43.619,1,68,Hand is Moving
43.719,1,58,Hand is Moving
43.82,1,50,Hand is Moving
43.921,1,51,Hand is Moving
44.021,1,53,Hand is Moving
44.122,1,55,Hand is Moving
44.222,1,50,Hand is Moving
44.322,1,41,Hand is Moving
44.423,1,30,Hand is at Rest
44.524,1,24,Hand is at Rest
44.624,1,21,Hand is at Rest
44.725,1,22,Hand is at Rest
44.825,1,23,Hand is at Rest
44.925,1,18,Hand is at Rest
45.026,1,15,Hand is at Rest
45.127,1,12,Hand is at Rest
45.228,1,14,Hand is at Rest
45.328,1,22,Hand is at Rest
45.428,1,30,Hand is at Rest
45.529,1,33,Hand is at Rest
45.629,1,37,Hand is at Rest
45.73,1,37,Hand is at Rest
45.831,1,40,Hand is at Rest
45.931,1,45,Hand is Moving
46.031,1,53,Hand is Moving
46.132,1,65,Hand is Moving
46.232,1,74,Hand is Moving
46.333,1,74,Hand is Moving
46.434,1,70,Hand is Moving
46.534,1,80,Hand is Moving
46.635,1,96,Hand is Moving
46.735,1,116,Hand is Moving
46.835,1,135,Hand is Moving
46.936,1,150,Hand is Moving
47.037,1,157,Hand is Moving
47.137,1,151,Hand is Moving
47.238,1,139,Hand is Moving
47.338,1,134,Hand is Moving
47.438,1,133,Hand is Moving
47.539,1,120,Hand is Moving
47.64,1,102,Hand is Moving
47.74,1,80,Hand is Moving
47.841,1,59,Hand is Moving
47.941,1,41,Hand is Moving
48.041,1,26,Hand is at Rest
48.142,1,20,Hand is at Rest
48.243,1,19,Hand is at Rest
48.344,1,18,Hand is at Rest
48.444,1,15,Hand is at Rest
48.544,1,14,Hand is at Rest
48.645,1,15,Hand is at Rest
48.745,1,24,Hand is at Rest
48.846,1,32,Hand is at Rest
48.947,1,35,Hand is at Rest
49.047,1,40,Hand is at Rest
49.147,1,45,Hand is Moving
49.248,1,53,Hand is Moving
49.348,1,58,Hand is Moving
49.449,1,61,Hand is Moving
49.55,1,65,Hand is Moving
49.65,1,69,Hand is Moving
49.751,1,78,Hand is Moving
49.851,1,85,Hand is Moving
49.951,1,96,Hand is Moving
50.053,1,94,Hand is Moving
50.153,1,108,Hand is Moving
50.253,1,125,Hand is Moving
50.354,1,147,Hand is Moving
50.454,1,171,Hand is Moving
50.554,1,189,Hand is Moving
50.656,1,205,Hand is Moving
50.756,1,197,Hand is Moving
50.856,1,184,Hand is Moving
50.957,1,170,Hand is Moving
51.057,1,169,Hand is Moving
51.158,1,151,Hand is Moving
51.259,1,126,Hand is Moving
51.359,1,100,Hand is Moving
51.46,1,72,Hand is Moving
51.56,1,52,Hand is Moving
51.66,1,30,Hand is at Rest
51.761,1,21,Hand is at Rest
51.861,1,27,Hand is at Rest
51.962,1,30,Hand is at Rest
52.063,1,40,Hand is at Rest
52.163,1,51,Hand is Moving
52.263,1,70,Hand is Moving
52.364,1,85,Hand is Moving
52.464,1,91,Hand is Moving
52.566,1,101,Hand is Moving
52.666,1,114,Hand is Moving
52.766,1,125,Hand is Moving
52.867,1,127,Hand is Moving
52.967,1,125,Hand is Moving
53.067,1,122,Hand is Moving
53.169,1,116,Hand is Moving
53.269,1,103,Hand is Moving
53.369,1,97,Hand is Moving
53.47,1,102,Hand is Moving
53.57,1,104,Hand is Moving
53.67,1,105,Hand is Moving
53.772,1,103,Hand is Moving
53.872,1,102,Hand is Moving
53.972,1,106,Hand is Moving
54.073,1,102,Hand is Moving
54.173,1,97,Hand is Moving
54.274,1,93,Hand is Moving
54.375,1,84,Hand is Moving
54.475,1,74,Hand is Moving
54.576,1,63,Hand is Moving
54.676,1,50,Hand is Moving
54.776,1,42,Hand is Moving
54.877,1,34,Hand is at Rest
54.977,1,28,Hand is at Rest
55.078,1,24,Hand is at Rest
55.179,1,22,Hand is at Rest
55.279,1,22,Hand is at Rest
55.379,1,21,Hand is at Rest
55.48,1,21,Hand is at Rest
55.58,1,20,Hand is at Rest
55.682,1,22,Hand is at Rest
55.782,1,23,Hand is at Rest
55.882,1,26,Hand is at Rest
55.983,1,30,Hand is at Rest
56.083,1,32,Hand is at Rest
56.183,1,35,Hand is at Rest
56.285,1,37,Hand is at Rest
56.385,1,53,Hand is Moving
56.485,1,73,Hand is Moving
56.586,1,85,Hand is Moving
56.686,1,91,Hand is Moving
56.786,1,110,Hand is Moving
56.888,1,132,Hand is Moving
56.988,1,154,Hand is Moving
57.089,1,177,Hand is Moving
57.189,1,200,Hand is Moving
57.289,1,220,Hand is Moving
57.39,1,214,Hand is Moving
57.491,1,193,Hand is Moving
57.591,1,183,Hand is Moving
57.692,1,175,Hand is Moving
57.792,1,152,Hand is Moving
57.892,1,126,Hand is Moving
57.993,1,99,Hand is Moving
58.094,1,75,Hand is Moving
58.194,1,48,Hand is Moving
58.295,1,30,Hand is at Rest
58.395,1,22,Hand is at Rest
58.496,1,32,Hand is at Rest
58.596,1,43,Hand is Moving
58.697,1,53,Hand is Moving
58.798,1,55,Hand is Moving
58.898,1,60,Hand is Moving
58.998,1,61,Hand is Moving
59.099,1,66,Hand is Moving
59.199,1,72,Hand is Moving
59.3,1,74,Hand is Moving
59.401,1,74,Hand is Moving
59.501,1,70,Hand is Moving
59.601,1,65,Hand is Moving
59.702,1,54,Hand is Moving
59.802,1,69,Hand is Moving
59.904,1,78,Hand is Moving
60.004,1,88,Hand is Moving
60.104,1,100,Hand is Moving
60.205,1,116,Hand is Moving
60.305,1,132,Hand is Moving
60.405,1,153,Hand is Moving
60.506,1,170,Hand is Moving
60.607,1,181,Hand is Moving
60.707,1,185,Hand is Moving
60.808,1,171,Hand is Moving
60.908,1,158,Hand is Moving
61.008,1,147,Hand is Moving
61.109,1,126,Hand is Moving
61.21,1,103,Hand is Moving
61.31,1,80,Hand is Moving
61.411,1,57,Hand is Moving
61.511,1,35,Hand is at Rest
0.0,2,-1,Hand is at Rest
0.1,2,-1,Hand is at Rest
0.2,2,-1,Hand is at Rest
0.301,2,-1,Hand is at Rest
0.401,2,0,Hand is at Rest
0.501,2,0,Hand is at Rest
0.602,2,0,Hand is at Rest
0.702,2,0,Hand is at Rest
0.802,2,1,Hand is at Rest
0.903,2,1,Hand is at Rest
1.003,2,2,Hand is at Rest
1.103,2,2,Hand is at Rest
1.204,2,2,Hand is at Rest
1.304,2,4,Hand is at Rest
1.404,2,6,Hand is at Rest
1.505,2,8,Hand is at Rest
1.605,2,10,Hand is at Rest
1.707,2,15,Hand is at Rest
1.807,2,16,Hand is at Rest
1.907,2,17,Hand is at Rest
2.008,2,17,Hand is at Rest
2.108,2,19,Hand is at Rest
2.208,2,21,Hand is at Rest
2.309,2,19,Hand is at Rest
2.409,2,21,Hand is at Rest
2.51,2,23,Hand is at Rest
2.611,2,24,Hand is at Rest
2.711,2,25,Hand is at Rest
2.811,2,32,Hand is at Rest
2.912,2,38,Hand is Moving
3.012,2,49,Hand is Moving
3.112,2,52,Hand is Moving
3.213,2,61,Hand is Moving
3.313,2,72,Hand is Moving
3.415,2,80,Hand is Moving
3.515,2,85,Hand is Moving
3.615,2,83,Hand is Moving
3.716,2,79,Hand is Moving
3.816,2,77,Hand is Moving
3.916,2,77,Hand is Moving
4.017,2,74,Hand is Moving
4.117,2,79,Hand is Moving
4.218,2,81,Hand is Moving
4.319,2,75,Hand is Moving
4.419,2,68,Hand is Moving
4.519,2,68,Hand is Moving
4.62,2,69,Hand is Moving
4.72,2,72,Hand is Moving
4.82,2,69,Hand is Moving
4.921,2,62,Hand is Moving
5.022,2,55,Hand is Moving
5.123,2,44,Hand is Moving
5.223,2,34,Hand is at Rest
5.323,2,29,Hand is at Rest
5.424,2,25,Hand is at Rest
5.524,2,19,Hand is at Rest
5.624,2,16,Hand is at Rest
5.725,2,13,Hand is at Rest
5.825,2,13,Hand is at Rest
5.926,2,15,Hand is at Rest
6.027,2,15,Hand is at Rest
6.127,2,17,Hand is at Rest
6.227,2,16,Hand is at Rest
6.328,2,16,Hand is at Rest
6.428,2,17,Hand is at Rest
6.529,2,16,Hand is at Rest
6.629,2,17,Hand is at Rest
6.73,2,18,Hand is at Rest
6.831,2,21,Hand is at Rest
6.931,2,25,Hand is at Rest
7.031,2,37,Hand is at Rest
7.132,2,42,Hand is Moving
7.232,2,45,Hand is Moving
7.332,2,52,Hand is Moving
7.433,2,63,Hand is Moving
7.534,2,75,Hand is Moving
7.634,2,89,Hand is Moving
7.735,2,102,Hand is Moving
7.835,2,108,Hand is Moving
7.936,2,109,Hand is Moving
8.036,2,96,Hand is Moving
8.136,2,95,Hand is Moving
8.237,2,96,Hand is Moving
8.337,2,94,Hand is Moving
8.438,2,91,Hand is Moving
8.539,2,87,Hand is Moving
8.639,2,78,Hand is Moving
8.739,2,70,Hand is Moving
8.84,2,65,Hand is Moving
8.94,2,63,Hand is Moving
9.04,2,63,Hand is Moving
9.141,2,60,Hand is Moving
9.242,2,55,Hand is Moving
9.342,2,50,Hand is Moving
9.443,2,44,Hand is Moving
9.543,2,36,Hand is at Rest
9.644,2,30,Hand is at Rest
9.744,2,27,Hand is at Rest
9.844,2,26,Hand is at Rest
9.945,2,24,Hand is at Rest
10.046,2,28,Hand is at Rest
10.146,2,26,Hand is at Rest
10.247,2,30,Hand is at Rest
10.347,2,34,Hand is at Rest
10.447,2,33,Hand is at Rest
10.548,2,36,Hand is at Rest
10.648,2,42,Hand is Moving
10.749,2,45,Hand is Moving
10.85,2,49,Hand is Moving
10.95,2,57,Hand is Moving
11.051,2,65,Hand is Moving
11.151,2,75,Hand is Moving
11.251,2,81,Hand is Moving
11.353,2,79,Hand is Moving
11.453,2,81,Hand is Moving
11.553,2,81,Hand is Moving
11.654,2,75,Hand is Moving
11.754,2,68,Hand is Moving
11.854,2,59,Hand is Moving
11.956,2,49,Hand is Moving
12.056,2,38,Hand is Moving
12.156,2,32,Hand is at Rest
12.257,2,22,Hand is at Rest
12.357,2,20,Hand is at Rest
12.457,2,20,Hand is at Rest
12.559,2,21,Hand is at Rest
12.659,2,22,Hand is at Rest
12.76,2,25,Hand is at Rest
12.86,2,28,Hand is at Rest
12.96,2,31,Hand is at Rest
13.061,2,31,Hand is at Rest
13.161,2,32,Hand is at Rest
13.262,2,38,Hand is Moving
13.363,2,49,Hand is Moving
13.463,2,66,Hand is Moving
13.563,2,86,Hand is Moving
13.664,2,96,Hand is Moving
13.764,2,94,Hand is Moving
13.865,2,91,Hand is Moving
13.966,2,96,Hand is Moving
14.066,2,112,Hand is Moving
14.167,2,129,Hand is Moving
14.267,2,145,Hand is Moving
14.367,2,152,Hand is Moving
14.469,2,143,Hand is Moving
14.569,2,127,Hand is Moving
14.669,2,120,Hand is Moving
14.77,2,121,Hand is Moving
14.87,2,122,Hand is Moving
14.97,2,117,Hand is Moving
15.072,2,104,Hand is Moving
15.172,2,88,Hand is Moving
15.272,2,77,Hand is Moving
15.373,2,60,Hand is Moving
15.473,2,53,Hand is Moving
15.574,2,48,Hand is Moving
15.675,2,42,Hand is Moving
15.775,2,41,Hand is Moving
15.876,2,40,Hand is Moving
15.976,2,41,Hand is Moving
16.076,2,39,Hand is Moving
16.177,2,40,Hand is Moving
16.277,2,37,Hand is at Rest
16.378,2,37,Hand is at Rest
16.479,2,36,Hand is at Rest
16.579,2,37,Hand is at Rest
16.679,2,39,Hand is Moving
16.78,2,38,Hand is Moving
16.88,2,42,Hand is Moving
16.982,2,44,Hand is Moving
17.082,2,44,Hand is Moving
17.182,2,43,Hand is Moving
17.283,2,40,Hand is Moving
17.383,2,47,Hand is Moving
17.483,2,53,Hand is Moving
17.585,2,54,Hand is Moving
17.685,2,56,Hand is Moving
17.785,2,63,Hand is Moving
17.886,2,59,Hand is Moving
17.986,2,56,Hand is Moving
18.086,2,54,Hand is Moving
18.188,2,49,Hand is Moving
18.288,2,47,Hand is Moving
18.388,2,38,Hand is Moving
18.489,2,29,Hand is at Rest
18.589,2,25,Hand is at Rest
18.69,2,20,Hand is at Rest
18.791,2,16,Hand is at Rest
18.891,2,16,Hand is at Rest
18.992,2,17,Hand is at Rest
19.092,2,20,Hand is at Rest
19.192,2,21,Hand is at Rest
19.293,2,20,Hand is at Rest
19.393,2,20,Hand is at Rest
19.494,2,20,Hand is at Rest
19.595,2,21,Hand is at Rest
19.695,2,22,Hand is at Rest
19.795,2,23,Hand is at Rest
19.896,2,22,Hand is at Rest
19.996,2,20,Hand is at Rest
20.098,2,18,Hand is at Rest
20.198,2,28,Hand is at Rest
20.298,2,40,Hand is Moving
20.399,2,54,Hand is Moving
20.499,2,65,Hand is Moving
20.599,2,71,Hand is Moving
20.701,2,74,Hand is Moving
20.801,2,81,Hand is Moving
20.901,2,87,Hand is Moving
21.002,2,96,Hand is Moving
21.102,2,107,Hand is Moving
21.202,2,107,Hand is Moving
21.304,2,99,Hand is Moving
21.404,2,90,Hand is Moving
21.505,2,83,Hand is Moving
21.605,2,76,Hand is Moving
21.705,2,75,Hand is Moving
21.806,2,66,Hand is Moving
21.907,2,59,Hand is Moving
22.007,2,47,Hand is Moving
22.108,2,38,Hand is Moving
22.208,2,30,Hand is at Rest
22.308,2,28,Hand is at Rest
22.409,2,29,Hand is at Rest
22.51,2,27,Hand is at Rest
22.61,2,26,Hand is at Rest
22.711,2,24,Hand is at Rest
22.811,2,25,Hand is at Rest
22.912,2,30,Hand is at Rest
23.012,2,32,Hand is at Rest
23.112,2,33,Hand is at Rest
23.214,2,32,Hand is at Rest
23.314,2,31,Hand is at Rest
23.414,2,31,Hand is at Rest
23.515,2,33,Hand is at Rest
23.615,2,37,Hand is at Rest
23.715,2,44,Hand is Moving
23.817,2,48,Hand is Moving
23.917,2,47,Hand is Moving
24.017,2,48,Hand is Moving
24.118,2,50,Hand is Moving
24.218,2,48,Hand is Moving
24.318,2,50,Hand is Moving
24.42,2,49,Hand is Moving
24.52,2,46,Hand is Moving
24.621,2,45,Hand is Moving
24.721,2,40,Hand is Moving
24.821,2,38,Hand is Moving
24.922,2,37,Hand is at Rest
25.023,2,36,Hand is at Rest
25.123,2,37,Hand is at Rest
25.224,2,40,Hand is Moving
25.324,2,39,Hand is Moving
25.424,2,38,Hand is Moving
25.525,2,40,Hand is Moving
25.626,2,41,Hand is Moving
25.726,2,40,Hand is Moving
25.827,2,36,Hand is at Rest
25.927,2,35,Hand is at Rest
26.028,2,39,Hand is Moving
26.128,2,39,Hand is Moving
26.228,2,55,Hand is Moving
26.33,2,74,Hand is Moving
26.43,2,97,Hand is Moving
26.53,2,112,Hand is Moving
26.631,2,114,Hand is Moving
26.731,2,131,Hand is Moving
26.831,2,143,Hand is Moving
26.933,2,163,Hand is Moving
27.033,2,183,Hand is Moving
27.133,2,201,Hand is Moving
27.234,2,197,Hand is Moving
27.334,2,189,Hand is Moving
27.435,2,186,Hand is Moving
27.536,2,177,Hand is Moving
27.636,2,173,Hand is Moving
27.737,2,159,Hand is Moving
27.837,2,150,Hand is Moving
27.937,2,131,Hand is Moving
28.038,2,107,Hand is Moving
28.139,2,81,Hand is Moving
28.239,2,67,Hand is Moving
28.34,2,57,Hand is Moving
28.44,2,34,Hand is at Rest
28.54,2,24,Hand is at Rest
28.641,2,24,Hand is at Rest
28.742,2,25,Hand is at Rest
28.843,2,26,Hand is at Rest
28.943,2,27,Hand is at Rest
29.043,2,33,Hand is at Rest
29.144,2,37,Hand is at Rest
29.244,2,44,Hand is Moving
29.344,2,45,Hand is Moving
29.446,2,53,Hand is Moving
29.546,2,59,Hand is Moving
29.646,2,68,Hand is Moving
29.747,2,69,Hand is Moving
29.847,2,75,Hand is Moving
29.947,2,79,Hand is Moving
30.049,2,74,Hand is Moving
30.149,2,80,Hand is Moving
30.249,2,76,Hand is Moving
30.35,2,79,Hand is Moving
30.45,2,82,Hand is Moving
30.551,2,87,Hand is Moving
30.652,2,91,Hand is Moving
30.752,2,95,Hand is Moving
30.853,2,85,Hand is Moving
30.953,2,86,Hand is Moving
31.053,2,92,Hand is Moving
31.154,2,85,Hand is Moving
31.255,2,85,Hand is Moving
31.355,2,82,Hand is Moving
31.456,2,76,Hand is Moving
31.556,2,68,Hand is Moving
31.656,2,54,Hand is Moving
31.757,2,44,Hand is Moving
31.858,2,44,Hand is Moving
31.959,2,34,Hand is at Rest
32.059,2,28,Hand is at Rest
32.159,2,24,Hand is at Rest
32.26,2,21,Hand is at Rest
32.36,2,18,Hand is at Rest
32.461,2,14,Hand is at Rest
32.562,2,13,Hand is at Rest
32.662,2,12,Hand is at Rest
32.762,2,14,Hand is at Rest
32.863,2,14,Hand is at Rest
32.963,2,14,Hand is at Rest
33.064,2,13,Hand is at Rest
33.165,2,13,Hand is at Rest
33.265,2,10,Hand is at Rest
33.366,2,10,Hand is at Rest
33.466,2,10,Hand is at Rest
33.566,2,15,Hand is at Rest
33.667,2,16,Hand is at Rest
33.768,2,16,Hand is at Rest
33.868,2,19,Hand is at Rest
33.969,2,21,Hand is at Rest
34.069,2,23,Hand is at Rest
34.169,2,28,Hand is at Rest
34.27,2,36,Hand is at Rest
34.371,2,42,Hand is Moving
34.471,2,44,Hand is Moving
34.572,2,41,Hand is Moving
34.672,2,44,Hand is Moving
34.772,2,41,Hand is Moving
34.873,2,38,Hand is Moving
34.974,2,37,Hand is at Rest
35.075,2,37,Hand is at Rest
35.175,2,34,Hand is at Rest
35.275,2,28,Hand is at Rest
35.376,2,25,Hand is at Rest
35.476,2,21,Hand is at Rest
35.577,2,19,Hand is at Rest
35.678,2,19,Hand is at Rest
35.778,2,21,Hand is at Rest
35.878,2,22,Hand is at Rest
35.979,2,24,Hand is at Rest
36.079,2,22,Hand is at Rest
36.18,2,21,Hand is at Rest
36.281,2,20,Hand is at Rest
36.381,2,21,Hand is at Rest
36.482,2,31,Hand is at Rest
36.582,2,30,Hand is at Rest
36.682,2,40,Hand is Moving
36.784,2,58,Hand is Moving
36.884,2,81,Hand is Moving
36.984,2,92,Hand is Moving
37.085,2,98,Hand is Moving
37.185,2,99,Hand is Moving
37.285,2,103,Hand is Moving
37.386,2,100,Hand is Moving
37.487,2,96,Hand is Moving
37.587,2,105,Hand is Moving
37.688,2,96,Hand is Moving
37.788,2,86,Hand is Moving
37.889,2,75,Hand is Moving
37.989,2,76,Hand is Moving
38.09,2,88,Hand is Moving
38.191,2,102,Hand is Moving
38.291,2,111,Hand is Moving
38.391,2,126,Hand is Moving
38.492,2,131,Hand is Moving
38.592,2,129,Hand is Moving
38.693,2,129,Hand is Moving
38.794,2,121,Hand is Moving
38.894,2,108,Hand is Moving
38.994,2,92,Hand is Moving
39.095,2,75,Hand is Moving
39.195,2,61,Hand is Moving
39.297,2,48,Hand is Moving
39.397,2,35,Hand is at Rest
39.497,2,25,Hand is at Rest
39.598,2,17,Hand is at Rest
39.698,2,13,Hand is at Rest
39.798,2,12,Hand is at Rest
39.9,2,13,Hand is at Rest
40.0,2,13,Hand is at Rest
40.1,2,12,Hand is at Rest
40.201,2,11,Hand is at Rest
40.301,2,12,Hand is at Rest
40.401,2,14,Hand is at Rest
40.503,2,19,Hand is at Rest
40.603,2,21,Hand is at Rest
40.704,2,24,Hand is at Rest
40.804,2,29,Hand is at Rest
40.904,2,35,Hand is at Rest
41.005,2,45,Hand is Moving
41.106,2,55,Hand is Moving
41.206,2,56,Hand is Moving
41.307,2,57,Hand is Moving
41.407,2,55,Hand is Moving
41.507,2,58,Hand is Moving
41.608,2,60,Hand is Moving
41.708,2,65,Hand is Moving
41.809,2,71,Hand is Moving
41.91,2,75,Hand is Moving
42.01,2,77,Hand is Moving
42.11,2,76,Hand is Moving
42.211,2,85,Hand is Moving
42.311,2,90,Hand is Moving
42.413,2,93,Hand is Moving
42.513,2,87,Hand is Moving
42.613,2,85,Hand is Moving
42.714,2,79,Hand is Moving
42.814,2,70,Hand is Moving
42.914,2,64,Hand is Moving
43.016,2,56,Hand is Moving
43.116,2,53,Hand is Moving
43.216,2,47,Hand is Moving
43.317,2,40,Hand is Moving
43.417,2,42,Hand is Moving
43.517,2,41,Hand is Moving
43.619,2,42,Hand is Moving
43.719,2,45,Hand is Moving
43.82,2,46,Hand is Moving
43.92,2,50,Hand is Moving
44.02,2,46,Hand is Moving
44.121,2,47,Hand is Moving
44.222,2,44,Hand is Moving
44.322,2,45,Hand is Moving
44.423,2,43,Hand is Moving
44.523,2,47,Hand is Moving
44.623,2,48,Hand is Moving
44.724,2,45,Hand is Moving
44.824,2,43,Hand is Moving
44.925,2,40,Hand is Moving
45.026,2,40,Hand is Moving
45.126,2,35,Hand is at Rest
45.227,2,41,Hand is Moving
45.327,2,46,Hand is Moving
45.427,2,48,Hand is Moving
45.529,2,47,Hand is Moving
45.629,2,47,Hand is Moving
45.729,2,54,Hand is Moving
45.83,2,54,Hand is Moving
45.93,2,52,Hand is Moving
46.03,2,57,Hand is Moving
46.132,2,54,Hand is Moving
46.232,2,50,Hand is Moving
46.332,2,46,Hand is Moving
46.433,2,42,Hand is Moving
46.533,2,38,Hand is Moving
46.633,2,34,Hand is at Rest
46.735,2,27,Hand is at Rest
46.835,2,26,Hand is at Rest
46.936,2,24,Hand is at Rest
47.036,2,23,Hand is at Rest
47.136,2,25,Hand is at Rest
47.237,2,29,Hand is at Rest
47.338,2,27,Hand is at Rest
47.438,2,23,Hand is at Rest
47.539,2,22,Hand is at Rest
47.639,2,23,Hand is at Rest
47.739,2,24,Hand is at Rest
47.84,2,23,Hand is at Rest
47.941,2,31,Hand is at Rest
48.041,2,38,Hand is Moving
48.142,2,49,Hand is Moving
48.242,2,61,Hand is Moving
48.343,2,65,Hand is Moving
48.443,2,66,Hand is Moving
48.544,2,70,Hand is Moving
48.645,2,71,Hand is Moving
48.745,2,86,Hand is Moving
48.845,2,107,Hand is Moving
48.946,2,120,Hand is Moving
49.046,2,125,Hand is Moving
49.146,2,129,Hand is Moving
49.248,2,128,Hand is Moving
49.348,2,137,Hand is Moving
49.448,2,138,Hand is Moving
49.549,2,136,Hand is Moving
49.649,2,135,Hand is Moving
49.75,2,119,Hand is Moving
49.851,2,97,Hand is Moving
49.951,2,76,Hand is Moving
50.052,2,60,Hand is Moving
50.152,2,43,Hand is Moving
50.252,2,26,Hand is at Rest
50.353,2,13,Hand is at Rest
50.454,2,11,Hand is at Rest
50.554,2,9,Hand is at Rest
50.655,2,9,Hand is at Rest
50.755,2,8,Hand is at Rest
50.855,2,10,Hand is at Rest
50.956,2,13,Hand is at Rest
51.057,2,15,Hand is at Rest
51.158,2,22,Hand is at Rest
51.258,2,27,Hand is at Rest
51.358,2,33,Hand is at Rest
51.459,2,38,Hand is Moving
51.559,2,43,Hand is Moving
51.66,2,51,Hand is Moving
51.761,2,60,Hand is Moving
51.861,2,65,Hand is Moving
51.961,2,71,Hand is Moving
52.062,2,80,Hand is Moving
52.162,2,89,Hand is Moving
52.263,2,92,Hand is Moving
52.364,2,95,Hand is Moving
52.464,2,91,Hand is Moving
52.564,2,93,Hand is Moving
52.665,2,94,Hand is Moving
52.765,2,92,Hand is Moving
52.866,2,87,Hand is Moving
52.967,2,91,Hand is Moving
53.067,2,92,Hand is Moving
53.168,2,93,Hand is Moving
53.268,2,97,Hand is Moving
53.368,2,104,Hand is Moving
53.469,2,120,Hand is Moving
53.57,2,133,Hand is Moving
53.67,2,134,Hand is Moving
53.771,2,137,Hand is Moving
53.871,2,147,Hand is Moving
53.971,2,144,Hand is Moving
54.072,2,137,Hand is Moving
54.173,2,123,Hand is Moving
54.274,2,112,Hand is Moving
54.374,2,96,Hand is Moving
54.474,2,81,Hand is Moving
54.575,2,61,Hand is Moving
54.675,2,52,Hand is Moving
54.776,2,41,Hand is Moving
54.877,2,30,Hand is at Rest
54.977,2,20,Hand is at Rest
55.077,2,14,Hand is at Rest
55.178,2,13,Hand is at Rest
55.278,2,13,Hand is at Rest
55.379,2,13,Hand is at Rest
55.48,2,11,Hand is at Rest
55.58,2,10,Hand is at Rest
55.681,2,10,Hand is at Rest
55.781,2,11,Hand is at Rest
55.881,2,21,Hand is at Rest
55.983,2,34,Hand is at Rest
56.083,2,41,Hand is Moving
56.183,2,51,Hand is Moving
56.284,2,54,Hand is Moving
56.384,2,63,Hand is Moving
56.484,2,75,Hand is Moving
56.586,2,86,Hand is Moving
56.686,2,98,Hand is Moving
56.786,2,105,Hand is Moving
56.887,2,106,Hand is Moving
56.987,2,94,Hand is Moving
57.088,2,90,Hand is Moving
57.189,2,81,Hand is Moving
57.289,2,79,Hand is Moving
57.39,2,74,Hand is Moving
57.49,2,63,Hand is Moving
57.59,2,55,Hand is Moving
57.691,2,47,Hand is Moving
57.792,2,43,Hand is Moving
57.892,2,35,Hand is at Rest
57.993,2,38,Hand is Moving
58.093,2,41,Hand is Moving
58.193,2,50,Hand is Moving
58.294,2,61,Hand is Moving
58.395,2,71,Hand is Moving
58.496,2,77,Hand is Moving
58.596,2,88,Hand is Moving
58.696,2,98,Hand is Moving
58.797,2,99,Hand is Moving
58.897,2,99,Hand is Moving
58.998,2,105,Hand is Moving
59.099,2,110,Hand is Moving
59.199,2,107,Hand is Moving
59.299,2,110,Hand is Moving
59.4,2,112,Hand is Moving
59.5,2,116,Hand is Moving
59.6,2,114,Hand is Moving
59.702,2,110,Hand is Moving
59.802,2,115,Hand is Moving
59.902,2,123,Hand is Moving
60.003,2,119,Hand is Moving
60.103,2,115,Hand is Moving
60.204,2,112,Hand is Moving
60.305,2,99,Hand is Moving
60.405,2,86,Hand is Moving
60.506,2,75,Hand is Moving
60.606,2,64,Hand is Moving
60.706,2,54,Hand is Moving
60.807,2,45,Hand is Moving
60.908,2,35,Hand is at Rest
61.008,2,29,Hand is at Rest
61.109,2,23,Hand is at Rest
61.209,2,19,Hand is at Rest
0.0,3,-1,Hand is at Rest
0.1,3,-1,Hand is at Rest
0.2,3,-1,Hand is at Rest
0.301,3,-1,Hand is at Rest
0.401,3,0,Hand is at Rest
0.501,3,0,Hand is at Rest
0.602,3,0,Hand is at Rest
0.702,3,3,Hand is at Rest
0.802,3,4,Hand is at Rest
0.903,3,6,Hand is at Rest
1.003,3,9,Hand is at Rest
1.103,3,12,Hand is at Rest
1.204,3,13,Hand is at Rest
1.304,3,14,Hand is at Rest
1.404,3,15,Hand is at Rest
1.505,3,16,Hand is at Rest
1.605,3,18,Hand is at Rest
1.707,3,20,Hand is at Rest
1.807,3,25,Hand is at Rest
1.907,3,26,Hand is at Rest
2.008,3,26,Hand is at Rest
2.108,3,29,Hand is at Rest
2.208,3,33,Hand is at Rest
2.309,3,39,Hand is Moving
2.409,3,45,Hand is Moving
2.51,3,50,Hand is Moving
2.611,3,53,Hand is Moving
2.711,3,56,Hand is Moving
2.811,3,55,Hand is Moving
2.912,3,60,Hand is Moving
3.012,3,59,Hand is Moving
3.112,3,60,Hand is Moving
3.213,3,62,Hand is Moving
3.313,3,56,Hand is Moving
3.415,3,50,Hand is Moving
3.515,3,45,Hand is Moving
3.615,3,43,Hand is Moving
3.716,3,43,Hand is Moving
3.816,3,39,Hand is Moving
3.916,3,35,Hand is at Rest
4.017,3,39,Hand is Moving
4.117,3,36,Hand is at Rest
4.218,3,39,Hand is Moving
4.319,3,37,Hand is at Rest
4.419,3,42,Hand is Moving
4.519,3,48,Hand is Moving
4.62,3,46,Hand is Moving
4.72,3,40,Hand is Moving
4.82,3,41,Hand is Moving
4.921,3,41,Hand is Moving
5.022,3,42,Hand is Moving
5.123,3,53,Hand is Moving
5.223,3,61,Hand is Moving
5.323,3,77,Hand is Moving
5.424,3,87,Hand is Moving
5.524,3,95,Hand is Moving
5.624,3,107,Hand is Moving
5.725,3,113,Hand is Moving
5.825,3,113,Hand is Moving
5.926,3,112,Hand is Moving
6.027,3,108,Hand is Moving
6.127,3,97,Hand is Moving
6.227,3,80,Hand is Moving
6.328,3,66,Hand is Moving
6.428,3,51,Hand is Moving
6.529,3,39,Hand is Moving
6.629,3,28,Hand is at Rest
6.73,3,22,Hand is at Rest
6.831,3,20,Hand is at Rest
6.931,3,18,Hand is at Rest
7.031,3,17,Hand is at Rest
7.132,3,16,Hand is at Rest
7.232,3,18,Hand is at Rest
7.332,3,19,Hand is at Rest
7.433,3,20,Hand is at Rest
7.534,3,19,Hand is at Rest
7.634,3,20,Hand is at Rest
7.735,3,19,Hand is at Rest
7.835,3,21,Hand is at Rest
7.936,3,24,Hand is at Rest
8.036,3,23,Hand is at Rest
8.136,3,25,Hand is at Rest
8.237,3,25,Hand is at Rest
8.337,3,23,Hand is at Rest
8.438,3,21,Hand is at Rest
8.539,3,25,Hand is at Rest
8.639,3,27,Hand is at Rest
8.739,3,29,Hand is at Rest
8.84,3,31,Hand is at Rest
8.94,3,30,Hand is at Rest
9.04,3,28,Hand is at Rest
9.141,3,28,Hand is at Rest
9.242,3,28,Hand is at Rest
9.342,3,30,Hand is at Rest
9.443,3,30,Hand is at Rest
9.543,3,29,Hand is at Rest
9.644,3,33,Hand is at Rest
9.744,3,32,Hand is at Rest
9.844,3,34,Hand is at Rest
9.945,3,41,Hand is Moving
10.046,3,51,Hand is Moving
10.146,3,54,Hand is Moving
10.247,3,55,Hand is Moving
10.347,3,55,Hand is Moving
10.447,3,62,Hand is Moving
10.548,3,61,Hand is Moving
10.648,3,61,Hand is Moving
10.749,3,67,Hand is Moving
10.85,3,66,Hand is Moving
10.95,3,67,Hand is Moving
11.051,3,62,Hand is Moving
11.151,3,60,Hand is Moving
11.251,3,59,Hand is Moving
11.353,3,61,Hand is Moving
11.453,3,59,Hand is Moving
11.553,3,61,Hand is Moving
11.654,3,56,Hand is Moving
11.754,3,52,Hand is Moving
11.854,3,49,Hand is Moving
11.956,3,43,Hand is Moving
12.056,3,39,Hand is Moving
12.156,3,36,Hand is at Rest
12.257,3,35,Hand is at Rest
12.357,3,35,Hand is at Rest
12.457,3,34,Hand is at Rest
12.559,3,28,Hand is at Rest
12.659,3,28,Hand is at Rest
12.76,3,26,Hand is at Rest
12.86,3,24,Hand is at Rest
12.96,3,25,Hand is at Rest
13.061,3,26,Hand is at Rest
13.161,3,26,Hand is at Rest
13.262,3,24,Hand is at Rest
13.363,3,31,Hand is at Rest
13.463,3,28,Hand is at Rest
13.563,3,28,Hand is at Rest
13.664,3,29,Hand is at Rest
13.764,3,36,Hand is at Rest
13.865,3,40,Hand is Moving
13.966,3,43,Hand is Moving
14.066,3,43,Hand is Moving
14.167,3,42,Hand is Moving
14.267,3,50,Hand is Moving
14.367,3,44,Hand is Moving
14.469,3,51,Hand is Moving
14.569,3,57,Hand is Moving
14.669,3,55,Hand is Moving
14.77,3,45,Hand is Moving
14.87,3,48,Hand is Moving
14.97,3,46,Hand is Moving
15.072,3,44,Hand is Moving
15.172,3,45,Hand is Moving
15.272,3,42,Hand is Moving
15.373,3,40,Hand is Moving
15.473,3,34,Hand is at Rest
15.574,3,31,Hand is at Rest
15.675,3,35,Hand is at Rest
15.775,3,38,Hand is at Rest
15.876,3,34,Hand is at Rest
15.976,3,31,Hand is at Rest
16.076,3,32,Hand is at Rest
16.177,3,33,Hand is at Rest
16.277,3,28,Hand is at Rest
16.378,3,31,Hand is at Rest
16.479,3,34,Hand is at Rest
16.579,3,34,Hand is at Rest
16.679,3,51,Hand is Moving
16.78,3,51,Hand is Moving
16.88,3,54,Hand is Moving
16.982,3,60,Hand is Moving
17.082,3,70,Hand is Moving
17.182,3,77,Hand is Moving
17.283,3,92,Hand is Moving
17.383,3,105,Hand is Moving
17.483,3,103,Hand is Moving
17.585,3,104,Hand is Moving
17.685,3,85,Hand is Moving
17.785,3,88,Hand is Moving
17.886,3,82,Hand is Moving
17.986,3,73,Hand is Moving
18.086,3,65,Hand is Moving
18.188,3,54,Hand is Moving
18.288,3,44,Hand is Moving
18.388,3,33,Hand is at Rest
18.489,3,32,Hand is at Rest
18.589,3,32,Hand is at Rest
18.69,3,31,Hand is at Rest
18.791,3,24,Hand is at Rest
18.891,3,28,Hand is at Rest
18.992,3,30,Hand is at Rest
19.092,3,34,Hand is at Rest
19.192,3,35,Hand is at Rest
19.293,3,32,Hand is at Rest
19.394,3,29,Hand is at Rest
19.494,3,26,Hand is at Rest
19.595,3,26,Hand is at Rest
19.695,3,27,Hand is at Rest
19.795,3,31,Hand is at Rest
19.896,3,32,Hand is at Rest
19.996,3,31,Hand is at Rest
20.098,3,29,Hand is at Rest
20.198,3,32,Hand is at Rest
20.298,3,37,Hand is at Rest
20.399,3,41,Hand is Moving
20.499,3,42,Hand is Moving
20.599,3,47,Hand is Moving
20.701,3,56,Hand is Moving
20.801,3,57,Hand is Moving
20.901,3,62,Hand is Moving
21.002,3,65,Hand is Moving
21.102,3,70,Hand is Moving
21.202,3,71,Hand is Moving
21.304,3,64,Hand is Moving
21.404,3,61,Hand is Moving
21.505,3,61,Hand is Moving
21.605,3,54,Hand is Moving
21.705,3,44,Hand is Moving
21.806,3,38,Hand is at Rest
21.907,3,29,Hand is at Rest
22.007,3,25,Hand is at Rest
22.108,3,20,Hand is at Rest
22.208,3,18,Hand is at Rest
22.308,3,21,Hand is at Rest
22.409,3,22,Hand is at Rest
22.51,3,22,Hand is at Rest
22.61,3,24,Hand is at Rest
22.711,3,25,Hand is at Rest
22.811,3,31,Hand is at Rest
22.912,3,31,Hand is at Rest
23.012,3,31,Hand is at Rest
23.112,3,32,Hand is at Rest
23.214,3,30,Hand is at Rest
23.314,3,30,Hand is at Rest
23.414,3,29,Hand is at Rest
23.515,3,32,Hand is at Rest
23.615,3,32,Hand is at Rest
23.715,3,34,Hand is at Rest
23.817,3,32,Hand is at Rest
23.917,3,35,Hand is at Rest
24.017,3,35,Hand is at Rest
24.118,3,33,Hand is at Rest
24.218,3,34,Hand is at Rest
24.318,3,32,Hand is at Rest
24.419,3,31,Hand is at Rest
24.52,3,30,Hand is at Rest
24.621,3,27,Hand is at Rest
24.721,3,29,Hand is at Rest
24.821,3,28,Hand is at Rest
24.922,3,29,Hand is at Rest
25.022,3,30,Hand is at Rest
25.123,3,36,Hand is at Rest
25.224,3,44,Hand is Moving
25.324,3,50,Hand is Moving
25.424,3,60,Hand is Moving
25.525,3,70,Hand is Moving
25.625,3,84,Hand is Moving
25.726,3,103,Hand is Moving
25.827,3,119,Hand is Moving
25.927,3,144,Hand is Moving
26.028,3,161,Hand is Moving
26.128,3,160,Hand is Moving
26.228,3,154,Hand is Moving
26.33,3,166,Hand is Moving
26.43,3,182,Hand is Moving
26.53,3,201,Hand is Moving
26.631,3,206,Hand is Moving
26.731,3,201,Hand is Moving
26.831,3,201,Hand is Moving
26.933,3,178,Hand is Moving
27.033,3,165,Hand is Moving
27.133,3,162,Hand is Moving
27.234,3,160,Hand is Moving
27.334,3,146,Hand is Moving
27.435,3,125,Hand is Moving
27.535,3,100,Hand is Moving
27.636,3,88,Hand is Moving
27.737,3,74,Hand is Moving
27.837,3,64,Hand is Moving
27.937,3,63,Hand is Moving
28.038,3,64,Hand is Moving
28.138,3,67,Hand is Moving
28.239,3,72,Hand is Moving
28.34,3,72,Hand is Moving
28.44,3,71,Hand is Moving
28.54,3,69,Hand is Moving
28.641,3,64,Hand is Moving
28.741,3,62,Hand is Moving
28.843,3,53,Hand is Moving
28.943,3,48,Hand is Moving
29.043,3,43,Hand is Moving
29.144,3,38,Hand is at Rest
29.244,3,31,Hand is at Rest
29.344,3,26,Hand is at Rest
29.445,3,19,Hand is at Rest
29.546,3,15,Hand is at Rest
29.646,3,12,Hand is at Rest
29.747,3,11,Hand is at Rest
29.847,3,16,Hand is at Rest
29.947,3,19,Hand is at Rest
30.048,3,25,Hand is at Rest
30.149,3,33,Hand is at Rest
30.249,3,44,Hand is Moving
30.35,3,51,Hand is Moving
30.45,3,56,Hand is Moving
30.551,3,59,Hand is Moving
30.651,3,64,Hand is Moving
30.752,3,63,Hand is Moving
30.853,3,62,Hand is Moving
30.953,3,60,Hand is Moving
31.053,3,58,Hand is Moving
31.154,3,59,Hand is Moving
31.254,3,61,Hand is Moving
31.355,3,58,Hand is Moving
31.456,3,56,Hand is Moving
31.556,3,53,Hand is Moving
31.656,3,79,Hand is Moving
31.757,3,88,Hand is Moving
31.857,3,107,Hand is Moving
31.959,3,131,Hand is Moving
32.059,3,145,Hand is Moving
32.159,3,161,Hand is Moving
32.26,3,178,Hand is Moving
32.36,3,204,Hand is Moving
32.46,3,217,Hand is Moving
32.562,3,230,Hand is Moving
32.662,3,212,Hand is Moving
32.762,3,215,Hand is Moving
32.863,3,206,Hand is Moving
32.963,3,189,Hand is Moving
33.063,3,183,Hand is Moving
33.165,3,165,Hand is Moving
33.265,3,141,Hand is Moving
33.366,3,116,Hand is Moving
33.466,3,107,Hand is Moving
33.566,3,95,Hand is Moving
33.667,3,83,Hand is Moving
33.767,3,70,Hand is Moving
33.868,3,58,Hand is Moving
33.969,3,46,Hand is Moving
34.069,3,34,Hand is at Rest
34.169,3,27,Hand is at Rest
34.27,3,22,Hand is at Rest
34.37,3,15,Hand is at Rest
34.47,3,9,Hand is at Rest
34.572,3,8,Hand is at Rest
34.672,3,7,Hand is at Rest
34.772,3,8,Hand is at Rest
34.873,3,9,Hand is at Rest
34.973,3,9,Hand is at Rest
35.074,3,9,Hand is at Rest
35.174,3,12,Hand is at Rest
35.274,3,14,Hand is at Rest
35.376,3,14,Hand is at Rest
35.476,3,14,Hand is at Rest
35.576,3,18,Hand is at Rest
35.677,3,21,Hand is at Rest
35.777,3,20,Hand is at Rest
35.877,3,19,Hand is at Rest
35.979,3,19,Hand is at Rest
36.079,3,18,Hand is at Rest
36.179,3,15,Hand is at Rest
36.28,3,14,Hand is at Rest
36.38,3,16,Hand is at Rest
36.481,3,16,Hand is at Rest
36.582,3,15,Hand is at Rest
36.682,3,16,Hand is at Rest
36.783,3,21,Hand is at Rest
36.883,3,30,Hand is at Rest
36.983,3,33,Hand is at Rest
37.084,3,35,Hand is at Rest
37.185,3,40,Hand is Moving
37.285,3,46,Hand is Moving
37.386,3,51,Hand is Moving
37.486,3,57,Hand is Moving
37.586,3,61,Hand is Moving
37.687,3,61,Hand is Moving
37.788,3,57,Hand is Moving
37.889,3,49,Hand is Moving
37.989,3,45,Hand is Moving
38.089,3,42,Hand is Moving
38.19,3,37,Hand is at Rest
38.29,3,31,Hand is at Rest
38.391,3,24,Hand is at Rest
38.492,3,19,Hand is at Rest
38.592,3,12,Hand is at Rest
38.692,3,11,Hand is at Rest
38.793,3,14,Hand is at Rest
38.893,3,17,Hand is at Rest
38.993,3,20,Hand is at Rest
39.095,3,22,Hand is at Rest
39.195,3,24,Hand is at Rest
39.296,3,24,Hand is at Rest
39.396,3,29,Hand is at Rest
39.496,3,29,Hand is at Rest
39.597,3,29,Hand is at Rest
39.698,3,27,Hand is at Rest
39.798,3,24,Hand is at Rest
39.899,3,21,Hand is at Rest
39.999,3,23,Hand is at Rest
40.099,3,24,Hand is at Rest
40.2,3,30,Hand is at Rest
40.301,3,33,Hand is at Rest
40.401,3,35,Hand is at Rest
40.502,3,36,Hand is at Rest
40.602,3,42,Hand is Moving
40.702,3,45,Hand is Moving
40.803,3,51,Hand is Moving
40.904,3,53,Hand is Moving
41.005,3,53,Hand is Moving
41.105,3,55,Hand is Moving
41.205,3,58,Hand is Moving
41.306,3,62,Hand is Moving
41.406,3,64,Hand is Moving
41.507,3,72,Hand is Moving
41.608,3,79,Hand is Moving
41.708,3,92,Hand is Moving
41.808,3,102,Hand is Moving
41.909,3,115,Hand is Moving
42.009,3,125,Hand is Moving
42.11,3,126,Hand is Moving
42.211,3,119,Hand is Moving
42.311,3,113,Hand is Moving
42.412,3,105,Hand is Moving
42.512,3,95,Hand is Moving
42.612,3,82,Hand is Moving
42.714,3,67,Hand is Moving
42.814,3,56,Hand is Moving
42.914,3,45,Hand is Moving
43.015,3,35,Hand is at Rest
43.115,3,28,Hand is at Rest
43.215,3,25,Hand is at Rest
43.316,3,27,Hand is at Rest
43.417,3,29,Hand is at Rest
43.517,3,27,Hand is at Rest
43.618,3,29,Hand is at Rest
43.718,3,28,Hand is at Rest
43.819,3,25,Hand is at Rest
43.919,3,20,Hand is at Rest
44.02,3,17,Hand is at Rest
44.121,3,17,Hand is at Rest
44.221,3,17,Hand is at Rest
44.321,3,17,Hand is at Rest
44.422,3,17,Hand is at Rest
44.522,3,21,Hand is at Rest
44.622,3,20,Hand is at Rest
44.724,3,22,Hand is at Rest
44.824,3,23,Hand is at Rest
44.924,3,23,Hand is at Rest
45.025,3,23,Hand is at Rest
45.125,3,25,Hand is at Rest
45.225,3,25,Hand is at Rest
45.327,3,25,Hand is at Rest
45.427,3,25,Hand is at Rest
45.528,3,29,Hand is at Rest
45.628,3,33,Hand is at Rest
45.728,3,39,Hand is Moving
45.829,3,44,Hand is Moving
45.93,3,58,Hand is Moving
46.03,3,72,Hand is Moving
46.131,3,73,Hand is Moving
46.231,3,77,Hand is Moving
46.331,3,86,Hand is Moving
46.432,3,82,Hand is Moving
46.533,3,85,Hand is Moving
46.633,3,86,Hand is Moving
46.734,3,89,Hand is Moving
46.834,3,94,Hand is Moving
46.935,3,88,Hand is Moving
47.035,3,83,Hand is Moving
47.136,3,87,Hand is Moving
47.237,3,84,Hand is Moving
47.337,3,72,Hand is Moving
47.437,3,74,Hand is Moving
47.538,3,65,Hand is Moving
47.638,3,61,Hand is Moving
47.739,3,49,Hand is Moving
47.84,3,36,Hand is at Rest
47.94,3,32,Hand is at Rest
48.04,3,25,Hand is at Rest
48.141,3,21,Hand is at Rest
48.241,3,21,Hand is at Rest
48.342,3,24,Hand is at Rest
48.443,3,27,Hand is at Rest
48.543,3,26,Hand is at Rest
48.644,3,24,Hand is at Rest
48.744,3,25,Hand is at Rest
48.844,3,27,Hand is at Rest
48.945,3,29,Hand is at Rest
49.046,3,30,Hand is at Rest
49.146,3,30,Hand is at Rest
49.247,3,29,Hand is at Rest
49.347,3,32,Hand is at Rest
49.447,3,33,Hand is at Rest
49.548,3,37,Hand is at Rest
49.649,3,37,Hand is at Rest
49.75,3,40,Hand is Moving
49.85,3,39,Hand is Moving
49.95,3,37,Hand is at Rest
50.051,3,35,Hand is at Rest
50.151,3,31,Hand is at Rest
50.252,3,32,Hand is at Rest
50.353,3,33,Hand is at Rest
50.453,3,30,Hand is at Rest
50.553,3,29,Hand is at Rest
50.654,3,32,Hand is at Rest
50.754,3,39,Hand is Moving
50.855,3,51,Hand is Moving
50.956,3,76,Hand is Moving
51.056,3,77,Hand is Moving
51.156,3,82,Hand is Moving
51.257,3,79,Hand is Moving
51.357,3,76,Hand is Moving
51.459,3,74,Hand is Moving
51.559,3,82,Hand is Moving
51.659,3,96,Hand is Moving
51.76,3,101,Hand is Moving
51.86,3,103,Hand is Moving
51.96,3,90,Hand is Moving
52.062,3,106,Hand is Moving
52.162,3,113,Hand is Moving
52.262,3,125,Hand is Moving
52.363,3,129,Hand is Moving
52.463,3,131,Hand is Moving
52.563,3,123,Hand is Moving
52.664,3,106,Hand is Moving
52.765,3,94,Hand is Moving
52.866,3,84,Hand is Moving
52.966,3,75,Hand is Moving
53.066,3,59,Hand is Moving
53.167,3,51,Hand is Moving
53.267,3,42,Hand is Moving
53.367,3,37,Hand is at Rest
53.469,3,37,Hand is at Rest
53.569,3,34,Hand is at Rest
53.669,3,31,Hand is at Rest
53.77,3,28,Hand is at Rest
53.87,3,22,Hand is at Rest
53.97,3,17,Hand is at Rest
54.071,3,15,Hand is at Rest
54.171,3,11,Hand is at Rest
54.273,3,8,Hand is at Rest
54.373,3,5,Hand is at Rest
54.473,3,3,Hand is at Rest
54.574,3,4,Hand is at Rest
54.674,3,4,Hand is at Rest
54.774,3,6,Hand is at Rest
54.875,3,7,Hand is at Rest
54.976,3,8,Hand is at Rest
55.076,3,11,Hand is at Rest
55.177,3,15,Hand is at Rest
55.277,3,17,Hand is at Rest
55.377,3,20,Hand is at Rest
55.478,3,22,Hand is at Rest
55.579,3,22,Hand is at Rest
55.68,3,24,Hand is at Rest
55.78,3,25,Hand is at Rest
55.88,3,27,Hand is at Rest
55.981,3,33,Hand is at Rest
56.081,3,39,Hand is Moving
56.181,3,40,Hand is Moving
56.283,3,53,Hand is Moving
56.383,3,58,Hand is Moving
56.483,3,58,Hand is Moving
56.584,3,58,Hand is Moving
56.684,3,64,Hand is Moving
56.784,3,70,Hand is Moving
56.886,3,76,Hand is Moving
56.986,3,81,Hand is Moving
57.086,3,83,Hand is Moving
57.187,3,87,Hand is Moving
57.287,3,81,Hand is Moving
57.388,3,77,Hand is Moving
57.489,3,77,Hand is Moving
57.589,3,81,Hand is Moving
57.69,3,77,Hand is Moving
57.79,3,69,Hand is Moving
57.89,3,62,Hand is Moving
57.991,3,55,Hand is Moving
58.092,3,49,Hand is Moving
58.192,3,45,Hand is Moving
58.293,3,37,Hand is at Rest
58.393,3,33,Hand is at Rest
58.493,3,33,Hand is at Rest
58.594,3,29,Hand is at Rest
58.694,3,27,Hand is at Rest
58.796,3,25,Hand is at Rest
58.896,3,24,Hand is at Rest
58.996,3,22,Hand is at Rest
59.097,3,19,Hand is at Rest
59.197,3,15,Hand is at Rest
59.297,3,14,Hand is at Rest
59.399,3,15,Hand is at Rest
59.499,3,19,Hand is at Rest
59.599,3,24,Hand is at Rest
59.7,3,29,Hand is at Rest
59.8,3,36,Hand is at Rest
59.9,3,37,Hand is at Rest
60.002,3,37,Hand is at Rest
60.102,3,41,Hand is Moving
60.203,3,41,Hand is Moving
60.303,3,41,Hand is Moving
60.403,3,41,Hand is Moving
60.504,3,39,Hand is Moving
60.605,3,41,Hand is Moving
60.705,3,36,Hand is at Rest
60.806,3,34,Hand is at Rest
60.906,3,36,Hand is at Rest
61.006,3,34,Hand is at Rest
61.107,3,30,Hand is at Rest
61.207,3,37,Hand is at Rest
61.308,3,38,Hand is at Rest
61.409,3,41,Hand is Moving
61.509,3,42,Hand is Moving
61.609,3,45,Hand is Moving
61.71,3,53,Hand is Moving
61.81,3,59,Hand is Moving
61.912,3,61,Hand is Moving
62.012,3,68,Hand is Moving
62.112,3,73,Hand is Moving
62.213,3,70,Hand is Moving
62.313,3,72,Hand is Moving
62.413,3,69,Hand is Moving
62.515,3,65,Hand is Moving
62.615,3,57,Hand is Moving
62.715,3,51,Hand is Moving
62.816,3,40,Hand is Moving
62.916,3,31,Hand is at Rest
63.016,3,25,Hand is at Rest
63.118,3,24,Hand is at Rest
0.0,4,-1,Hand is at Rest
0.1,4,-1,Hand is at Rest
0.2,4,-1,Hand is at Rest
0.301,4,-1,Hand is at Rest
0.401,4,1,Hand is at Rest
0.501,4,1,Hand is at Rest
0.602,4,1,Hand is at Rest
0.702,4,2,Hand is at Rest
0.802,4,2,Hand is at Rest
0.903,4,2,Hand is at Rest
1.003,4,3,Hand is at Rest
1.103,4,3,Hand is at Rest
1.205,4,3,Hand is at Rest
1.305,4,3,Hand is at Rest
1.405,4,3,Hand is at Rest
1.506,4,3,Hand is at Rest
1.606,4,4,Hand is at Rest
1.707,4,5,Hand is at Rest
1.807,4,6,Hand is at Rest
1.907,4,7,Hand is at Rest
2.009,4,7,Hand is at Rest
2.109,4,8,Hand is at Rest
2.209,4,8,Hand is at Rest
2.31,4,8,Hand is at Rest
2.41,4,7,Hand is at Rest
2.51,4,8,Hand is at Rest
2.611,4,7,Hand is at Rest
2.711,4,8,Hand is at Rest
2.811,4,6,Hand is at Rest
2.913,4,6,Hand is at Rest
3.013,4,5,Hand is at Rest
3.113,4,4,Hand is at Rest
3.214,4,5,Hand is at Rest
3.314,4,6,Hand is at Rest
3.415,4,7,Hand is at Rest
3.515,4,9,Hand is at Rest
3.615,4,11,Hand is at Rest
3.717,4,14,Hand is at Rest
3.817,4,15,Hand is at Rest
3.917,4,20,Hand is at Rest
4.018,4,22,Hand is at Rest
4.118,4,22,Hand is at Rest
4.218,4,23,Hand is at Rest
4.319,4,27,Hand is at Rest
4.419,4,30,Hand is at Rest
4.52,4,31,Hand is at Rest
4.621,4,31,Hand is at Rest
4.721,4,29,Hand is at Rest
4.822,4,29,Hand is at Rest
4.922,4,23,Hand is at Rest
5.022,4,21,Hand is at Rest
5.123,4,21,Hand is at Rest
5.223,4,21,Hand is at Rest
5.323,4,18,Hand is at Rest
5.425,4,16,Hand is at Rest
5.525,4,14,Hand is at Rest
5.625,4,13,Hand is at Rest
5.726,4,17,Hand is at Rest
5.826,4,28,Hand is at Rest
5.926,4,42,Hand is at Rest
6.027,4,44,Hand is at Rest
6.127,4,45,Hand is at Rest
6.228,4,44,Hand is at Rest
6.329,4,45,Hand is at Rest
6.429,4,52,Hand is at Rest
6.53,4,60,Hand is at Rest
6.63,4,59,Hand is at Rest
6.73,4,54,Hand is at Rest
6.831,4,46,Hand is at Rest
6.931,4,38,Hand is at Rest
7.032,4,46,Hand is at Rest
7.133,4,53,Hand is at Rest
7.233,4,63,Hand is at Rest
7.333,4,71,Hand is Moving
7.434,4,70,Hand is Moving
7.534,4,68,Hand is Moving
7.634,4,71,Hand is Moving
7.735,4,71,Hand is Moving
7.835,4,68,Hand is Moving
7.937,4,62,Hand is at Rest
8.037,4,54,Hand is at Rest
8.137,4,45,Hand is at Rest
8.238,4,36,Hand is at Rest
8.338,4,26,Hand is at Rest
8.438,4,20,Hand is at Rest
8.539,4,14,Hand is at Rest
8.639,4,10,Hand is at Rest
8.74,4,10,Hand is at Rest
8.841,4,11,Hand is at Rest
8.941,4,10,Hand is at Rest
9.041,4,10,Hand is at Rest
9.142,4,10,Hand is at Rest
9.242,4,8,Hand is at Rest
9.342,4,8,Hand is at Rest
9.443,4,6,Hand is at Rest
9.544,4,7,Hand is at Rest
9.645,4,7,Hand is at Rest
9.745,4,6,Hand is at Rest
9.845,4,5,Hand is at Rest
9.946,4,5,Hand is at Rest
10.046,4,4,Hand is at Rest
10.146,4,4,Hand is at Rest
10.247,4,4,Hand is at Rest
10.348,4,4,Hand is at Rest
10.448,4,4,Hand is at Rest
10.549,4,3,Hand is at Rest
10.649,4,4,Hand is at Rest
10.749,4,5,Hand is at Rest
10.85,4,6,Hand is at Rest
10.951,4,7,Hand is at Rest
11.052,4,7,Hand is at Rest
11.152,4,7,Hand is at Rest
11.252,4,8,Hand is at Rest
11.353,4,7,Hand is at Rest
11.453,4,8,Hand is at Rest
11.554,4,8,Hand is at Rest
11.655,4,7,Hand is at Rest
11.755,4,7,Hand is at Rest
11.855,4,11,Hand is at Rest
11.956,4,16,Hand is at Rest
12.056,4,23,Hand is at Rest
12.156,4,30,Hand is at Rest
12.258,4,37,Hand is at Rest
12.358,4,48,Hand is at Rest
12.459,4,61,Hand is at Rest
12.559,4,61,Hand is at Rest
12.659,4,62,Hand is at Rest
12.76,4,66,Hand is Moving
12.861,4,64,Hand is at Rest
12.961,4,65,Hand is Moving
13.062,4,66,Hand is Moving
13.162,4,66,Hand is Moving
13.262,4,62,Hand is at Rest
13.363,4,58,Hand is at Rest
13.464,4,50,Hand is at Rest
13.564,4,66,Hand is Moving
13.665,4,66,Hand is Moving
13.765,4,69,Hand is Moving
13.865,4,72,Hand is Moving
13.966,4,67,Hand is Moving
14.067,4,61,Hand is at Rest
14.168,4,57,Hand is at Rest
14.268,4,61,Hand is at Rest
14.368,4,57,Hand is at Rest
14.469,4,61,Hand is at Rest
14.569,4,45,Hand is at Rest
14.67,4,53,Hand is at Rest
14.771,4,46,Hand is at Rest
14.871,4,46,Hand is at Rest
14.971,4,51,Hand is at Rest
15.072,4,67,Hand is Moving
15.172,4,85,Hand is Moving
15.272,4,99,Hand is Moving
15.374,4,120,Hand is Moving
15.474,4,134,Hand is Moving
15.575,4,158,Hand is Moving
15.675,4,166,Hand is Moving
15.775,4,172,Hand is Moving
15.876,4,169,Hand is Moving
15.977,4,163,Hand is Moving
16.077,4,146,Hand is Moving
16.178,4,126,Hand is Moving
16.278,4,106,Hand is Moving
16.378,4,82,Hand is Moving
16.479,4,58,Hand is at Rest
16.58,4,36,Hand is at Rest
16.68,4,20,Hand is at Rest
16.781,4,14,Hand is at Rest
16.881,4,11,Hand is at Rest
16.982,4,11,Hand is at Rest
17.082,4,12,Hand is at Rest
17.183,4,11,Hand is at Rest
17.284,4,10,Hand is at Rest
17.384,4,10,Hand is at Rest
17.484,4,10,Hand is at Rest
17.585,4,8,Hand is at Rest
17.685,4,7,Hand is at Rest
17.785,4,6,Hand is at Rest
17.887,4,5,Hand is at Rest
17.987,4,3,Hand is at Rest
18.087,4,3,Hand is at Rest
18.188,4,2,Hand is at Rest
18.288,4,2,Hand is at Rest
18.388,4,2,Hand is at Rest
18.49,4,3,Hand is at Rest
18.59,4,5,Hand is at Rest
18.691,4,8,Hand is at Rest
18.791,4,12,Hand is at Rest
18.891,4,21,Hand is at Rest
18.992,4,28,Hand is at Rest
19.093,4,41,Hand is at Rest
19.193,4,53,Hand is at Rest
19.294,4,65,Hand is Moving
19.394,4,78,Hand is Moving
19.494,4,91,Hand is Moving
19.595,4,92,Hand is Moving
19.696,4,97,Hand is Moving
19.796,4,95,Hand is Moving
19.897,4,88,Hand is Moving
19.997,4,81,Hand is Moving
20.098,4,69,Hand is Moving
20.198,4,64,Hand is at Rest
20.299,4,59,Hand is at Rest
20.4,4,56,Hand is at Rest
20.5,4,51,Hand is at Rest
20.6,4,62,Hand is at Rest
20.701,4,61,Hand is at Rest
20.801,4,59,Hand is at Rest
20.901,4,65,Hand is Moving
21.003,4,65,Hand is Moving
21.103,4,71,Hand is Moving
21.203,4,69,Hand is Moving
21.304,4,64,Hand is at Rest
21.404,4,60,Hand is at Rest
21.505,4,55,Hand is at Rest
21.606,4,49,Hand is at Rest
21.706,4,52,Hand is at Rest
21.807,4,68,Hand is Moving
21.907,4,79,Hand is Moving
22.007,4,99,Hand is Moving
22.108,4,118,Hand is Moving
22.209,4,140,Hand is Moving
22.309,4,166,Hand is Moving
22.41,4,187,Hand is Moving
22.51,4,193,Hand is Moving
22.61,4,195,Hand is Moving
22.711,4,195,Hand is Moving
22.812,4,182,Hand is Moving
22.913,4,165,Hand is Moving
23.013,4,146,Hand is Moving
23.113,4,122,Hand is Moving
23.214,4,96,Hand is Moving
23.314,4,68,Hand is Moving
23.415,4,41,Hand is at Rest
23.516,4,31,Hand is at Rest
23.616,4,22,Hand is at Rest
23.716,4,15,Hand is at Rest
23.817,4,12,Hand is at Rest
23.917,4,10,Hand is at Rest
24.018,4,9,Hand is at Rest
24.119,4,9,Hand is at Rest
24.219,4,8,Hand is at Rest
24.32,4,9,Hand is at Rest
24.42,4,10,Hand is at Rest
24.52,4,9,Hand is at Rest
24.621,4,9,Hand is at Rest
24.722,4,8,Hand is at Rest
24.822,4,8,Hand is at Rest
24.923,4,8,Hand is at Rest
25.023,4,7,Hand is at Rest
25.123,4,5,Hand is at Rest
25.224,4,5,Hand is at Rest
25.325,4,5,Hand is at Rest
25.425,4,4,Hand is at Rest
25.526,4,5,Hand is at Rest
25.626,4,7,Hand is at Rest
25.726,4,8,Hand is at Rest
25.827,4,10,Hand is at Rest
25.928,4,15,Hand is at Rest
26.029,4,20,Hand is at Rest
26.129,4,26,Hand is at Rest
26.229,4,36,Hand is at Rest
26.33,4,43,Hand is at Rest
26.43,4,58,Hand is at Rest
26.531,4,71,Hand is Moving
26.632,4,83,Hand is Moving
26.732,4,86,Hand is Moving
26.832,4,102,Hand is Moving
26.933,4,110,Hand is Moving
27.033,4,130,Hand is Moving
27.134,4,150,Hand is Moving
27.235,4,153,Hand is Moving
27.335,4,172,Hand is Moving
27.436,4,186,Hand is Moving
27.536,4,188,Hand is Moving
27.636,4,192,Hand is Moving
27.738,4,197,Hand is Moving
27.838,4,196,Hand is Moving
27.938,4,203,Hand is Moving
28.039,4,191,Hand is Moving
28.139,4,184,Hand is Moving
28.239,4,171,Hand is Moving
28.341,4,168,Hand is Moving
28.441,4,161,Hand is Moving
28.541,4,171,Hand is Moving
28.642,4,180,Hand is Moving
28.742,4,199,Hand is Moving
28.843,4,217,Hand is Moving
28.944,4,228,Hand is Moving
29.044,4,232,Hand is Moving
29.145,4,235,Hand is Moving
29.245,4,247,Hand is Moving
29.345,4,230,Hand is Moving
29.446,4,217,Hand is Moving
29.547,4,191,Hand is Moving
29.647,4,166,Hand is Moving
29.748,4,140,Hand is Moving
29.848,4,106,Hand is Moving
29.948,4,76,Hand is Moving
30.049,4,61,Hand is at Rest
30.15,4,43,Hand is at Rest
30.251,4,31,Hand is at Rest
30.351,4,26,Hand is at Rest
30.451,4,18,Hand is at Rest
30.552,4,18,Hand is at Rest
30.652,4,17,Hand is at Rest
30.753,4,16,Hand is at Rest
30.854,4,15,Hand is at Rest
30.954,4,14,Hand is at Rest
31.054,4,11,Hand is at Rest
31.155,4,10,Hand is at Rest
31.255,4,8,Hand is at Rest
31.355,4,7,Hand is at Rest
31.457,4,7,Hand is at Rest
31.557,4,7,Hand is at Rest
31.657,4,8,Hand is at Rest
31.758,4,12,Hand is at Rest
31.858,4,17,Hand is at Rest
31.959,4,29,Hand is at Rest
32.06,4,46,Hand is at Rest
32.16,4,64,Hand is at Rest
32.261,4,86,Hand is Moving
32.361,4,102,Hand is Moving
32.461,4,117,Hand is Moving
32.562,4,145,Hand is Moving
32.663,4,165,Hand is Moving
32.763,4,169,Hand is Moving
32.864,4,172,Hand is Moving
32.964,4,170,Hand is Moving
33.064,4,168,Hand is Moving
33.165,4,168,Hand is Moving
33.266,4,159,Hand is Moving
33.367,4,166,Hand is Moving
33.467,4,159,Hand is Moving
33.567,4,142,Hand is Moving
33.668,4,130,Hand is Moving
33.768,4,131,Hand is Moving
33.869,4,127,Hand is Moving
33.97,4,122,Hand is Moving
34.07,4,108,Hand is Moving
34.17,4,89,Hand is Moving
34.271,4,76,Hand is Moving
34.371,4,56,Hand is at Rest
34.472,4,62,Hand is at Rest
34.573,4,69,Hand is Moving
34.673,4,65,Hand is Moving
34.774,4,65,Hand is Moving
34.874,4,80,Hand is Moving
34.974,4,94,Hand is Moving
35.075,4,118,Hand is Moving
35.176,4,145,Hand is Moving
35.276,4,171,Hand is Moving
35.377,4,182,Hand is Moving
35.477,4,183,Hand is Moving
35.577,4,174,Hand is Moving
35.678,4,175,Hand is Moving
35.779,4,168,Hand is Moving
35.879,4,150,Hand is Moving
35.98,4,131,Hand is Moving
36.08,4,107,Hand is Moving
36.18,4,82,Hand is Moving
36.281,4,56,Hand is at Rest
36.382,4,42,Hand is at Rest
36.483,4,27,Hand is at Rest
36.583,4,19,Hand is at Rest
36.683,4,12,Hand is at Rest
36.784,4,10,Hand is at Rest
36.884,4,10,Hand is at Rest
36.985,4,10,Hand is at Rest
37.086,4,9,Hand is at Rest
37.186,4,8,Hand is at Rest
37.286,4,7,Hand is at Rest
37.387,4,6,Hand is at Rest
37.487,4,5,Hand is at Rest
37.588,4,4,Hand is at Rest
37.689,4,5,Hand is at Rest
37.789,4,4,Hand is at Rest
37.89,4,5,Hand is at Rest
37.99,4,5,Hand is at Rest
38.09,4,6,Hand is at Rest
38.192,4,6,Hand is at Rest
38.292,4,7,Hand is at Rest
38.392,4,9,Hand is at Rest
38.493,4,10,Hand is at Rest
38.593,4,13,Hand is at Rest
38.693,4,19,Hand is at Rest
38.795,4,27,Hand is at Rest
38.895,4,37,Hand is at Rest
38.995,4,46,Hand is at Rest
39.096,4,61,Hand is at Rest
39.196,4,80,Hand is Moving
39.297,4,110,Hand is Moving
39.398,4,138,Hand is Moving
39.498,4,168,Hand is Moving
39.599,4,180,Hand is Moving
39.699,4,174,Hand is Moving
39.799,4,170,Hand is Moving
39.9,4,172,Hand is Moving
40.001,4,178,Hand is Moving
40.101,4,180,Hand is Moving
40.202,4,166,Hand is Moving
40.302,4,139,Hand is Moving
40.402,4,124,Hand is Moving
40.503,4,106,Hand is Moving
40.604,4,102,Hand is Moving
40.705,4,112,Hand is Moving
40.805,4,119,Hand is Moving
40.905,4,111,Hand is Moving
41.006,4,115,Hand is Moving
41.107,4,125,Hand is Moving
41.207,4,143,Hand is Moving
41.308,4,174,Hand is Moving
41.408,4,196,Hand is Moving
41.508,4,220,Hand is Moving
41.609,4,239,Hand is Moving
41.71,4,246,Hand is Moving
41.81,4,250,Hand is Moving
41.911,4,260,Hand is Moving
42.011,4,247,Hand is Moving
42.112,4,224,Hand is Moving
42.212,4,201,Hand is Moving
42.313,4,167,Hand is Moving
42.414,4,130,Hand is Moving
42.514,4,94,Hand is Moving
42.614,4,65,Hand is Moving
42.715,4,47,Hand is at Rest
42.815,4,34,Hand is at Rest
42.915,4,21,Hand is at Rest
43.017,4,16,Hand is at Rest
43.117,4,13,Hand is at Rest
43.217,4,15,Hand is at Rest
43.318,4,16,Hand is at Rest
43.418,4,17,Hand is at Rest
43.518,4,16,Hand is at Rest
43.62,4,15,Hand is at Rest
43.72,4,14,Hand is at Rest
43.821,4,13,Hand is at Rest
43.921,4,11,Hand is at Rest
44.021,4,10,Hand is at Rest
44.122,4,9,Hand is at Rest
44.223,4,7,Hand is at Rest
44.323,4,6,Hand is at Rest
44.424,4,4,Hand is at Rest
44.524,4,5,Hand is at Rest
44.624,4,5,Hand is at Rest
44.725,4,6,Hand is at Rest
44.826,4,6,Hand is at Rest
44.926,4,7,Hand is at Rest
45.027,4,6,Hand is at Rest
45.127,4,8,Hand is at Rest
45.228,4,8,Hand is at Rest
45.328,4,10,Hand is at Rest
45.428,4,10,Hand is at Rest
45.53,4,11,Hand is at Rest
45.63,4,14,Hand is at Rest
45.73,4,23,Hand is at Rest
45.831,4,38,Hand is at Rest
45.931,4,64,Hand is at Rest
46.031,4,100,Hand is Moving
46.133,4,121,Hand is Moving
46.233,4,160,Hand is Moving
46.333,4,175,Hand is Moving
46.434,4,183,Hand is Moving
46.534,4,194,Hand is Moving
46.635,4,196,Hand is Moving
46.736,4,186,Hand is Moving
46.836,4,182,Hand is Moving
46.937,4,161,Hand is Moving
47.037,4,142,Hand is Moving
47.137,4,135,Hand is Moving
47.238,4,124,Hand is Moving
47.339,4,122,Hand is Moving
47.439,4,140,Hand is Moving
47.54,4,142,Hand is Moving
47.64,4,155,Hand is Moving
47.74,4,155,Hand is Moving
47.841,4,152,Hand is Moving
47.942,4,155,Hand is Moving
48.043,4,150,Hand is Moving
48.143,4,146,Hand is Moving
48.243,4,132,Hand is Moving
48.344,4,131,Hand is Moving
48.444,4,122,Hand is Moving
48.545,4,117,Hand is Moving
48.646,4,108,Hand is Moving
48.746,4,113,Hand is Moving
48.846,4,108,Hand is Moving
48.947,4,104,Hand is Moving
49.047,4,93,Hand is Moving
49.148,4,80,Hand is Moving
49.249,4,68,Hand is Moving
49.349,4,55,Hand is at Rest
49.449,4,39,Hand is at Rest
49.55,4,27,Hand is at Rest
49.65,4,20,Hand is at Rest
49.751,4,15,Hand is at Rest
49.852,4,12,Hand is at Rest
49.952,4,8,Hand is at Rest
50.053,4,7,Hand is at Rest
50.153,4,7,Hand is at Rest
50.253,4,6,Hand is at Rest
50.354,4,5,Hand is at Rest
50.455,4,5,Hand is at Rest
50.555,4,6,Hand is at Rest
50.656,4,5,Hand is at Rest
50.756,4,7,Hand is at Rest
50.856,4,7,Hand is at Rest
50.957,4,7,Hand is at Rest
51.058,4,7,Hand is at Rest
51.159,4,8,Hand is at Rest
51.259,4,8,Hand is at Rest
51.359,4,8,Hand is at Rest
51.46,4,9,Hand is at Rest
51.56,4,9,Hand is at Rest
51.661,4,10,Hand is at Rest
51.762,4,9,Hand is at Rest
51.862,4,9,Hand is at Rest
51.962,4,10,Hand is at Rest
52.063,4,9,Hand is at Rest
52.163,4,9,Hand is at Rest
52.264,4,10,Hand is at Rest
52.365,4,16,Hand is at Rest
52.465,4,25,Hand is at Rest
52.566,4,41,Hand is at Rest
52.666,4,61,Hand is at Rest
52.766,4,80,Hand is Moving
52.868,4,106,Hand is Moving
52.968,4,144,Hand is Moving
53.068,4,166,Hand is Moving
53.169,4,178,Hand is Moving
53.269,4,182,Hand is Moving
53.369,4,183,Hand is Moving
53.47,4,180,Hand is Moving
53.571,4,181,Hand is Moving
53.671,4,180,Hand is Moving
53.772,4,176,Hand is Moving
53.872,4,160,Hand is Moving
53.972,4,130,Hand is Moving
54.073,4,118,Hand is Moving
54.174,4,110,Hand is Moving
54.275,4,112,Hand is Moving
54.375,4,110,Hand is Moving
54.475,4,105,Hand is Moving
54.576,4,88,Hand is Moving
54.676,4,76,Hand is Moving
54.777,4,69,Hand is Moving
54.878,4,69,Hand is Moving
54.978,4,74,Hand is Moving
55.078,4,78,Hand is Moving
55.179,4,90,Hand is Moving
55.279,4,97,Hand is Moving
55.38,4,103,Hand is Moving
55.481,4,110,Hand is Moving
55.581,4,116,Hand is Moving
55.682,4,115,Hand is Moving
55.782,4,108,Hand is Moving
55.882,4,98,Hand is Moving
55.984,4,86,Hand is Moving
56.084,4,73,Hand is Moving
56.184,4,60,Hand is at Rest
56.285,4,46,Hand is at Rest
56.385,4,38,Hand is at Rest
56.485,4,31,Hand is at Rest
56.587,4,25,Hand is at Rest
56.687,4,19,Hand is at Rest
56.787,4,18,Hand is at Rest
56.888,4,16,Hand is at Rest
56.988,4,17,Hand is at Rest
57.089,4,16,Hand is at Rest
57.19,4,14,Hand is at Rest
57.29,4,14,Hand is at Rest
57.391,4,11,Hand is at Rest
57.491,4,9,Hand is at Rest
57.591,4,8,Hand is at Rest
57.692,4,8,Hand is at Rest
57.793,4,9,Hand is at Rest
57.893,4,9,Hand is at Rest
57.994,4,7,Hand is at Rest
58.094,4,6,Hand is at Rest
58.194,4,7,Hand is at Rest
58.295,4,7,Hand is at Rest
58.396,4,8,Hand is at Rest
58.497,4,8,Hand is at Rest
58.597,4,9,Hand is at Rest
58.697,4,10,Hand is at Rest
58.798,4,17,Hand is at Rest
58.898,4,29,Hand is at Rest
58.998,4,43,Hand is at Rest
59.1,4,57,Hand is at Rest
59.2,4,75,Hand is Moving
59.3,4,99,Hand is Moving
59.401,4,128,Hand is Moving
59.501,4,146,Hand is Moving
59.601,4,167,Hand is Moving
59.703,4,179,Hand is Moving
59.803,4,175,Hand is Moving
59.904,4,163,Hand is Moving
60.004,4,163,Hand is Moving
60.104,4,157,Hand is Moving
60.205,4,147,Hand is Moving
60.306,4,129,Hand is Moving
60.406,4,105,Hand is Moving
60.507,4,93,Hand is Moving
60.607,4,78,Hand is Moving
60.707,4,72,Hand is Moving
60.808,4,77,Hand is Moving
60.909,4,85,Hand is Moving
61.009,4,76,Hand is Moving
61.11,4,77,Hand is Moving
61.21,4,79,Hand is Moving
61.31,4,73,Hand is Moving
61.411,4,66,Hand is Moving
61.512,4,70,Hand is Moving
61.613,4,82,Hand is Moving
61.713,4,99,Hand is Moving
61.813,4,114,Hand is Moving
61.914,4,130,Hand is Moving
62.014,4,144,Hand is Moving
62.115,4,154,Hand is Moving
62.216,4,160,Hand is Moving
62.316,4,167,Hand is Moving
62.416,4,168,Hand is Moving
62.517,4,161,Hand is Moving
62.617,4,145,Hand is Moving
62.718,4,122,Hand is Moving
62.819,4,99,Hand is Moving
62.919,4,75,Hand is Moving
63.02,4,55,Hand is at Rest
63.12,4,35,Hand is at Rest
63.22,4,20,Hand is at Rest
63.322,4,13,Hand is at Rest
63.422,4,12,Hand is at Rest
63.522,4,9,Hand is at Rest
63.623,4,6,Hand is at Rest
63.723,4,5,Hand is at Rest
63.823,4,5,Hand is at Rest
63.925,4,4,Hand is at Rest
64.025,4,4,Hand is at Rest
64.125,4,5,Hand is at Rest
64.226,4,5,Hand is at Rest
0.0,5,-1,Hand is at Rest
0.1,5,-1,Hand is at Rest
0.2,5,-1,Hand is at Rest
0.301,5,-1,Hand is at Rest
0.401,5,8,Hand is at Rest
0.501,5,9,Hand is at Rest
0.602,5,13,Hand is at Rest
0.702,5,14,Hand is at Rest
0.802,5,14,Hand is at Rest
0.903,5,16,Hand is at Rest
1.003,5,18,Hand is at Rest
1.103,5,19,Hand is at Rest
1.205,5,18,Hand is at Rest
1.305,5,17,Hand is at Rest
1.405,5,15,Hand is at Rest
1.506,5,18,Hand is at Rest
1.606,5,15,Hand is at Rest
1.707,5,15,Hand is at Rest
1.807,5,15,Hand is at Rest
1.907,5,15,Hand is at Rest
2.008,5,15,Hand is at Rest
2.109,5,14,Hand is at Rest
2.209,5,16,Hand is at Rest
2.31,5,19,Hand is at Rest
2.41,5,19,Hand is at Rest
2.51,5,30,Hand is at Rest
2.611,5,36,Hand is Moving
2.711,5,41,Hand is Moving
2.811,5,50,Hand is Moving
2.913,5,64,Hand is Moving
3.013,5,77,Hand is Moving
3.113,5,86,Hand is Moving
3.214,5,91,Hand is Moving
3.314,5,97,Hand is Moving
3.415,5,101,Hand is Moving
3.515,5,89,Hand is Moving
3.615,5,83,Hand is Moving
3.717,5,78,Hand is Moving
3.817,5,71,Hand is Moving
3.917,5,58,Hand is Moving
4.018,5,55,Hand is Moving
4.118,5,58,Hand is Moving
4.218,5,73,Hand is Moving
4.319,5,86,Hand is Moving
4.419,5,112,Hand is Moving
4.519,5,125,Hand is Moving
4.621,5,134,Hand is Moving
4.721,5,154,Hand is Moving
4.822,5,176,Hand is Moving
4.922,5,197,Hand is Moving
5.022,5,213,Hand is Moving
5.123,5,223,Hand is Moving
5.223,5,218,Hand is Moving
5.323,5,207,Hand is Moving
5.425,5,187,Hand is Moving
5.525,5,172,Hand is Moving
5.625,5,167,Hand is Moving
5.726,5,150,Hand is Moving
5.826,5,129,Hand is Moving
5.926,5,106,Hand is Moving
6.027,5,84,Hand is Moving
6.127,5,63,Hand is Moving
6.228,5,44,Hand is Moving
6.329,5,40,Hand is Moving
6.429,5,36,Hand is Moving
6.53,5,37,Hand is Moving
6.63,5,44,Hand is Moving
6.73,5,47,Hand is Moving
6.831,5,56,Hand is Moving
6.931,5,58,Hand is Moving
7.031,5,53,Hand is Moving
7.133,5,51,Hand is Moving
7.233,5,53,Hand is Moving
7.333,5,47,Hand is Moving
7.434,5,42,Hand is Moving
7.534,5,48,Hand is Moving
7.634,5,37,Hand is Moving
7.735,5,35,Hand is Moving
7.835,5,30,Hand is at Rest
7.937,5,33,Hand is at Rest
8.037,5,43,Hand is Moving
8.137,5,45,Hand is Moving
8.238,5,43,Hand is Moving
8.338,5,47,Hand is Moving
8.438,5,48,Hand is Moving
8.539,5,42,Hand is Moving
8.639,5,46,Hand is Moving
8.74,5,47,Hand is Moving
8.841,5,46,Hand is Moving
8.941,5,45,Hand is Moving
9.041,5,38,Hand is Moving
9.142,5,39,Hand is Moving
9.242,5,44,Hand is Moving
9.342,5,46,Hand is Moving
9.443,5,46,Hand is Moving
9.543,5,46,Hand is Moving
9.645,5,46,Hand is Moving
9.745,5,50,Hand is Moving
9.845,5,57,Hand is Moving
9.946,5,63,Hand is Moving
10.046,5,84,Hand is Moving
10.146,5,87,Hand is Moving
10.247,5,82,Hand is Moving
10.348,5,91,Hand is Moving
10.448,5,92,Hand is Moving
10.549,5,97,Hand is Moving
10.649,5,97,Hand is Moving
10.749,5,89,Hand is Moving
10.85,5,78,Hand is Moving
10.951,5,71,Hand is Moving
11.052,5,56,Hand is Moving
11.152,5,63,Hand is Moving
11.252,5,75,Hand is Moving
11.353,5,72,Hand is Moving
11.453,5,79,Hand is Moving
11.554,5,80,Hand is Moving
11.655,5,82,Hand is Moving
11.755,5,84,Hand is Moving
11.855,5,83,Hand is Moving
11.956,5,81,Hand is Moving
12.056,5,74,Hand is Moving
12.156,5,63,Hand is Moving
12.258,5,54,Hand is Moving
12.358,5,46,Hand is Moving
12.459,5,41,Hand is Moving
12.559,5,36,Hand is Moving
12.659,5,35,Hand is Moving
12.76,5,37,Hand is Moving
12.861,5,45,Hand is Moving
12.961,5,57,Hand is Moving
13.062,5,67,Hand is Moving
13.162,5,83,Hand is Moving
13.262,5,97,Hand is Moving
13.363,5,114,Hand is Moving
13.464,5,134,Hand is Moving
13.564,5,139,Hand is Moving
13.665,5,148,Hand is Moving
13.765,5,148,Hand is Moving
13.865,5,150,Hand is Moving
13.966,5,136,Hand is Moving
14.067,5,135,Hand is Moving
14.168,5,131,Hand is Moving
14.268,5,130,Hand is Moving
14.368,5,132,Hand is Moving
14.469,5,126,Hand is Moving
14.569,5,130,Hand is Moving
14.67,5,119,Hand is Moving
14.771,5,125,Hand is Moving
14.871,5,124,Hand is Moving
14.971,5,132,Hand is Moving
15.072,5,124,Hand is Moving
15.172,5,113,Hand is Moving
15.272,5,100,Hand is Moving
15.374,5,82,Hand is Moving
15.474,5,71,Hand is Moving
15.575,5,60,Hand is Moving
15.675,5,60,Hand is Moving
15.775,5,54,Hand is Moving
15.876,5,48,Hand is Moving
15.977,5,44,Hand is Moving
16.077,5,42,Hand is Moving
16.178,5,47,Hand is Moving
16.278,5,52,Hand is Moving
16.378,5,54,Hand is Moving
16.479,5,56,Hand is Moving
16.58,5,67,Hand is Moving
16.68,5,79,Hand is Moving
16.781,5,87,Hand is Moving
16.881,5,84,Hand is Moving
16.982,5,91,Hand is Moving
17.082,5,88,Hand is Moving
17.183,5,93,Hand is Moving
17.284,5,90,Hand is Moving
17.384,5,96,Hand is Moving
17.484,5,103,Hand is Moving
17.585,5,110,Hand is Moving
17.685,5,114,Hand is Moving
17.786,5,112,Hand is Moving
17.887,5,124,Hand is Moving
17.987,5,125,Hand is Moving
18.087,5,134,Hand is Moving
18.188,5,125,Hand is Moving
18.288,5,120,Hand is Moving
18.388,5,109,Hand is Moving
18.49,5,96,Hand is Moving
18.59,5,80,Hand is Moving
18.691,5,63,Hand is Moving
18.791,5,51,Hand is Moving
18.891,5,42,Hand is Moving
18.992,5,35,Hand is Moving
19.093,5,28,Hand is at Rest
19.193,5,29,Hand is at Rest
19.294,5,37,Hand is Moving
19.394,5,37,Hand is Moving
19.494,5,44,Hand is Moving
19.595,5,58,Hand is Moving
19.696,5,62,Hand is Moving
19.796,5,76,Hand is Moving
19.897,5,81,Hand is Moving
19.997,5,83,Hand is Moving
20.098,5,93,Hand is Moving
20.198,5,93,Hand is Moving
20.299,5,97,Hand is Moving
20.4,5,106,Hand is Moving
20.5,5,108,Hand is Moving
20.6,5,104,Hand is Moving
20.701,5,104,Hand is Moving
20.801,5,94,Hand is Moving
20.902,5,92,Hand is Moving
21.003,5,88,Hand is Moving
21.103,5,78,Hand is Moving
21.203,5,80,Hand is Moving
21.304,5,69,Hand is Moving
21.404,5,62,Hand is Moving
21.506,5,50,Hand is Moving
21.606,5,39,Hand is Moving
21.706,5,35,Hand is Moving
21.807,5,35,Hand is Moving
21.907,5,29,Hand is at Rest
22.007,5,27,Hand is at Rest
22.108,5,24,Hand is at Rest
22.209,5,26,Hand is at Rest
22.309,5,43,Hand is Moving
22.41,5,49,Hand is Moving
22.51,5,55,Hand is Moving
22.61,5,60,Hand is Moving
22.711,5,68,Hand is Moving
22.812,5,68,Hand is Moving
22.913,5,67,Hand is Moving
23.013,5,77,Hand is Moving
23.113,5,86,Hand is Moving
23.214,5,91,Hand is Moving
23.314,5,74,Hand is Moving
23.415,5,74,Hand is Moving
23.516,5,76,Hand is Moving
23.616,5,83,Hand is Moving
23.716,5,76,Hand is Moving
23.817,5,77,Hand is Moving
23.917,5,79,Hand is Moving
24.018,5,75,Hand is Moving
24.119,5,66,Hand is Moving
24.219,5,56,Hand is Moving
24.32,5,56,Hand is Moving
24.42,5,52,Hand is Moving
24.52,5,43,Hand is Moving
24.622,5,37,Hand is Moving
24.722,5,41,Hand is Moving
24.822,5,49,Hand is Moving
24.923,5,58,Hand is Moving
25.023,5,68,Hand is Moving
25.123,5,84,Hand is Moving
25.224,5,103,Hand is Moving
25.325,5,100,Hand is Moving
25.425,5,98,Hand is Moving
25.526,5,109,Hand is Moving
25.626,5,112,Hand is Moving
25.726,5,120,Hand is Moving
25.827,5,129,Hand is Moving
25.928,5,131,Hand is Moving
26.029,5,120,Hand is Moving
26.129,5,113,Hand is Moving
26.229,5,99,Hand is Moving
26.33,5,101,Hand is Moving
26.43,5,99,Hand is Moving
26.531,5,87,Hand is Moving
26.632,5,80,Hand is Moving
26.732,5,68,Hand is Moving
26.832,5,47,Hand is Moving
26.933,5,34,Hand is Moving
27.033,5,31,Hand is at Rest
27.134,5,27,Hand is at Rest
27.235,5,28,Hand is at Rest
27.335,5,32,Hand is at Rest
27.436,5,32,Hand is at Rest
27.536,5,35,Hand is Moving
27.636,5,44,Hand is Moving
27.738,5,47,Hand is Moving
27.838,5,49,Hand is Moving
27.938,5,61,Hand is Moving
28.039,5,57,Hand is Moving
28.139,5,53,Hand is Moving
28.239,5,57,Hand is Moving
28.341,5,54,Hand is Moving
28.441,5,65,Hand is Moving
28.541,5,66,Hand is Moving
28.642,5,67,Hand is Moving
28.742,5,72,Hand is Moving
28.843,5,81,Hand is Moving
28.943,5,77,Hand is Moving
29.044,5,77,Hand is Moving
29.145,5,83,Hand is Moving
29.245,5,78,Hand is Moving
29.345,5,79,Hand is Moving
29.446,5,72,Hand is Moving
29.546,5,72,Hand is Moving
29.647,5,64,Hand is Moving
29.748,5,57,Hand is Moving
29.848,5,46,Hand is Moving
29.948,5,38,Hand is Moving
30.049,5,37,Hand is Moving
30.149,5,34,Hand is Moving
30.251,5,38,Hand is Moving
30.351,5,44,Hand is Moving
30.451,5,45,Hand is Moving
30.552,5,41,Hand is Moving
30.652,5,48,Hand is Moving
30.752,5,49,Hand is Moving
30.854,5,55,Hand is Moving
30.954,5,60,Hand is Moving
31.054,5,66,Hand is Moving
31.155,5,67,Hand is Moving
31.255,5,68,Hand is Moving
31.355,5,66,Hand is Moving
31.457,5,70,Hand is Moving
31.557,5,80,Hand is Moving
31.657,5,79,Hand is Moving
31.758,5,77,Hand is Moving
31.858,5,71,Hand is Moving
31.959,5,66,Hand is Moving
32.06,5,61,Hand is Moving
32.16,5,60,Hand is Moving
32.261,5,57,Hand is Moving
32.361,5,51,Hand is Moving
32.461,5,49,Hand is Moving
32.562,5,40,Hand is Moving
32.662,5,34,Hand is Moving
32.763,5,29,Hand is at Rest
32.864,5,28,Hand is at Rest
32.964,5,31,Hand is at Rest
33.064,5,37,Hand is Moving
33.165,5,38,Hand is Moving
33.265,5,43,Hand is Moving
33.367,5,41,Hand is Moving
33.467,5,43,Hand is Moving
33.567,5,51,Hand is Moving
33.668,5,49,Hand is Moving
33.768,5,56,Hand is Moving
33.868,5,56,Hand is Moving
33.97,5,56,Hand is Moving
34.07,5,58,Hand is Moving
34.17,5,66,Hand is Moving
34.271,5,67,Hand is Moving
34.371,5,72,Hand is Moving
34.471,5,68,Hand is Moving
34.573,5,60,Hand is Moving
34.673,5,61,Hand is Moving
34.774,5,59,Hand is Moving
34.874,5,63,Hand is Moving
34.974,5,64,Hand is Moving
35.075,5,58,Hand is Moving
35.175,5,51,Hand is Moving
35.276,5,44,Hand is Moving
35.377,5,39,Hand is Moving
35.477,5,35,Hand is Moving
35.577,5,35,Hand is Moving
35.678,5,35,Hand is Moving
35.778,5,34,Hand is Moving
35.879,5,31,Hand is at Rest
35.98,5,34,Hand is Moving
36.08,5,39,Hand is Moving
36.18,5,39,Hand is Moving
36.281,5,43,Hand is Moving
36.381,5,47,Hand is Moving
36.483,5,46,Hand is Moving
36.583,5,45,Hand is Moving
36.683,5,50,Hand is Moving
36.784,5,53,Hand is Moving
36.884,5,60,Hand is Moving
36.984,5,63,Hand is Moving
37.086,5,56,Hand is Moving
37.186,5,54,Hand is Moving
37.286,5,45,Hand is Moving
37.387,5,40,Hand is Moving
37.487,5,42,Hand is Moving
37.587,5,41,Hand is Moving
37.689,5,35,Hand is Moving
37.789,5,30,Hand is at Rest
37.89,5,21,Hand is at Rest
37.99,5,10,Hand is at Rest
38.09,5,11,Hand is at Rest
38.191,5,13,Hand is at Rest
38.292,5,17,Hand is at Rest
38.392,5,21,Hand is at Rest
38.493,5,23,Hand is at Rest
38.593,5,30,Hand is at Rest
38.693,5,32,Hand is at Rest
38.794,5,32,Hand is at Rest
38.895,5,36,Hand is Moving
38.995,5,38,Hand is Moving
39.096,5,36,Hand is Moving
39.196,5,36,Hand is Moving
39.297,5,36,Hand is Moving
39.397,5,38,Hand is Moving
39.497,5,36,Hand is Moving
39.599,5,38,Hand is Moving
39.699,5,38,Hand is Moving
39.799,5,37,Hand is Moving
39.9,5,35,Hand is Moving
40.0,5,34,Hand is Moving
40.1,5,38,Hand is Moving
40.202,5,36,Hand is Moving
40.302,5,37,Hand is Moving
40.402,5,35,Hand is Moving
40.503,5,36,Hand is Moving
40.603,5,29,Hand is at Rest
40.704,5,29,Hand is at Rest
40.805,5,29,Hand is at Rest
40.905,5,28,Hand is at Rest
41.006,5,31,Hand is at Rest
41.106,5,29,Hand is at Rest
41.206,5,29,Hand is at Rest
41.307,5,26,Hand is at Rest
41.408,5,26,Hand is at Rest
41.508,5,33,Hand is at Rest
41.609,5,39,Hand is Moving
41.709,5,41,Hand is Moving
41.809,5,41,Hand is Moving
41.91,5,45,Hand is Moving
42.011,5,43,Hand is Moving
42.112,5,44,Hand is Moving
42.212,5,51,Hand is Moving
42.312,5,57,Hand is Moving
42.413,5,62,Hand is Moving
42.513,5,59,Hand is Moving
42.613,5,61,Hand is Moving
42.715,5,63,Hand is Moving
42.815,5,66,Hand is Moving
42.915,5,63,Hand is Moving
43.016,5,61,Hand is Moving
43.116,5,59,Hand is Moving
43.216,5,53,Hand is Moving
43.318,5,48,Hand is Moving
43.418,5,40,Hand is Moving
43.518,5,34,Hand is Moving
43.619,5,24,Hand is at Rest
43.719,5,21,Hand is at Rest
43.82,5,19,Hand is at Rest
43.921,5,17,Hand is at Rest
44.021,5,24,Hand is at Rest
44.122,5,28,Hand is at Rest
44.222,5,33,Hand is at Rest
44.322,5,43,Hand is Moving
44.423,5,48,Hand is Moving
44.524,5,50,Hand is Moving
44.624,5,50,Hand is Moving
44.725,5,59,Hand is Moving
44.825,5,67,Hand is Moving
44.925,5,78,Hand is Moving
45.026,5,85,Hand is Moving
45.127,5,90,Hand is Moving
45.228,5,83,Hand is Moving
45.328,5,73,Hand is Moving
45.428,5,72,Hand is Moving
45.529,5,68,Hand is Moving
45.629,5,73,Hand is Moving
45.73,5,68,Hand is Moving
45.831,5,64,Hand is Moving
45.931,5,59,Hand is Moving
46.031,5,50,Hand is Moving
46.132,5,48,Hand is Moving
46.232,5,53,Hand is Moving
46.333,5,61,Hand is Moving
46.434,5,58,Hand is Moving
46.534,5,62,Hand is Moving
46.635,5,68,Hand is Moving
46.735,5,65,Hand is Moving
46.835,5,64,Hand is Moving
46.936,5,60,Hand is Moving
47.037,5,58,Hand is Moving
47.137,5,56,Hand is Moving
47.238,5,59,Hand is Moving
47.338,5,51,Hand is Moving
47.438,5,53,Hand is Moving
47.539,5,53,Hand is Moving
47.64,5,44,Hand is Moving
47.74,5,42,Hand is Moving
47.841,5,38,Hand is Moving
47.941,5,36,Hand is Moving
48.041,5,35,Hand is Moving
48.142,5,32,Hand is at Rest
48.243,5,26,Hand is at Rest
48.344,5,24,Hand is at Rest
48.444,5,23,Hand is at Rest
48.544,5,20,Hand is at Rest
48.645,5,20,Hand is at Rest
48.745,5,23,Hand is at Rest
48.846,5,31,Hand is at Rest
48.947,5,33,Hand is at Rest
49.047,5,41,Hand is Moving
49.147,5,40,Hand is Moving
49.248,5,41,Hand is Moving
49.348,5,44,Hand is Moving
49.449,5,41,Hand is Moving
49.55,5,42,Hand is Moving
49.65,5,51,Hand is Moving
49.751,5,52,Hand is Moving
49.851,5,47,Hand is Moving
49.951,5,45,Hand is Moving
50.053,5,40,Hand is Moving
50.153,5,41,Hand is Moving
50.253,5,40,Hand is Moving
50.354,5,39,Hand is Moving
50.454,5,42,Hand is Moving
50.554,5,42,Hand is Moving
50.656,5,32,Hand is at Rest
50.756,5,31,Hand is at Rest
50.856,5,31,Hand is at Rest
50.957,5,37,Hand is Moving
51.057,5,43,Hand is Moving
51.158,5,50,Hand is Moving
51.259,5,46,Hand is Moving
51.359,5,57,Hand is Moving
51.46,5,56,Hand is Moving
51.56,5,63,Hand is Moving
51.66,5,66,Hand is Moving
51.761,5,73,Hand is Moving
51.861,5,82,Hand is Moving
51.962,5,86,Hand is Moving
52.063,5,84,Hand is Moving
52.163,5,83,Hand is Moving
52.263,5,94,Hand is Moving
52.364,5,82,Hand is Moving
52.464,5,81,Hand is Moving
52.566,5,73,Hand is Moving
52.666,5,74,Hand is Moving
52.766,5,64,Hand is Moving
52.867,5,55,Hand is Moving
52.967,5,48,Hand is Moving
53.067,5,40,Hand is Moving
53.169,5,37,Hand is Moving
53.269,5,30,Hand is at Rest
53.369,5,33,Hand is at Rest
53.47,5,38,Hand is Moving
53.57,5,37,Hand is Moving
53.67,5,35,Hand is Moving
53.772,5,37,Hand is Moving
53.872,5,37,Hand is Moving
53.972,5,40,Hand is Moving
54.073,5,43,Hand is Moving
54.173,5,47,Hand is Moving
54.274,5,48,Hand is Moving
54.375,5,48,Hand is Moving
54.475,5,41,Hand is Moving
54.576,5,40,Hand is Moving
54.676,5,42,Hand is Moving
54.776,5,40,Hand is Moving
54.877,5,39,Hand is Moving
54.977,5,35,Hand is Moving
55.078,5,33,Hand is at Rest
55.179,5,26,Hand is at Rest
55.279,5,22,Hand is at Rest
55.379,5,23,Hand is at Rest
55.48,5,24,Hand is at Rest
55.58,5,30,Hand is at Rest
55.682,5,27,Hand is at Rest
55.782,5,35,Hand is Moving
55.882,5,33,Hand is at Rest
55.983,5,32,Hand is at Rest
56.083,5,34,Hand is Moving
56.183,5,36,Hand is Moving
56.285,5,41,Hand is Moving
56.385,5,39,Hand is Moving
56.485,5,43,Hand is Moving
56.586,5,45,Hand is Moving
56.686,5,51,Hand is Moving
56.786,5,45,Hand is Moving
56.888,5,43,Hand is Moving
56.988,5,48,Hand is Moving
57.089,5,48,Hand is Moving
57.189,5,49,Hand is Moving
57.289,5,45,Hand is Moving
57.39,5,48,Hand is Moving
57.491,5,47,Hand is Moving
57.591,5,41,Hand is Moving
57.692,5,35,Hand is Moving
57.792,5,34,Hand is Moving
57.892,5,36,Hand is Moving
57.993,5,36,Hand is Moving
58.094,5,32,Hand is at Rest
58.194,5,34,Hand is Moving
58.295,5,32,Hand is at Rest
58.395,5,27,Hand is at Rest
58.496,5,25,Hand is at Rest
58.596,5,24,Hand is at Rest
58.697,5,26,Hand is at Rest
58.798,5,28,Hand is at Rest
58.898,5,30,Hand is at Rest
58.998,5,28,Hand is at Rest
59.099,5,26,Hand is at Rest
59.199,5,21,Hand is at Rest
59.299,5,21,Hand is at Rest
59.401,5,24,Hand is at Rest
59.501,5,23,Hand is at Rest
59.601,5,21,Hand is at Rest
59.702,5,20,Hand is at Rest
59.802,5,16,Hand is at Rest
59.902,5,14,Hand is at Rest
60.004,5,11,Hand is at Rest
60.104,5,11,Hand is at Rest
60.205,5,12,Hand is at Rest
60.305,5,12,Hand is at Rest
60.405,5,10,Hand is at Rest
60.506,5,12,Hand is at Rest
60.607,5,18,Hand is at Rest
60.707,5,17,Hand is at Rest
60.808,5,19,Hand is at Rest
60.908,5,18,Hand is at Rest
61.008,5,23,Hand is at Rest
61.109,5,29,Hand is at Rest
61.21,5,34,Hand is Moving
61.31,5,41,Hand is Moving
